Transaction_ID,Date, Customer_ID,Customer_Name,Customer_Gender,Customer_Region,Category ,Price,Discount_Amount,Quantity ,Payment_Method,Store_Location,Online/Offline, Product_Rating
T000001,2024-07-19,C1006,Robert Perry,Female,WST,Clothing,516.14,,5.0,Debit Card,Store A,Online,1.0
T000002,2023-09-17,C1492,Kenneth Huang,Female,WST,electronic,,10.11,10.0,Credit Card,Store D,Offline,1.6
T000003,2024-03-31,C1153,Juan Hatfield,Female,South,Grocery,772.67,6.63,1.0,Online Payment,Store A,,3.8
T000004,2023-05-22,C1029,,Male,East,Electronics,241.14,8.55,2.0,Debit Card,Store D,Offline,
,2023-03-05,C1115,Emily Pruitt,Female,south,Clothing,968.59,11.18,4.0,Credit Card,Store B,Offline,2.2
T000006,2024-01-21,C1280,Tiffany Smith,Female,South,Grocery,562.81,4.39,6.0,Cash,Store A,Online,4.5
T000007,2023-08-16,C1294,Heather Holmes,Female,,ELECTRONIC,447.44,4.68,9.0,Online Payment,Store A,Offline,3.5
T000008,2023-09-28,C1113,Hunter Ellis,Male,Est,electronic,811.66,10.16,9.0,Cash,Store B,Offline,
T000009,2023-10-15,,Taylor Green,Female,South,Furnitures,115.01,,10.0,Credit Card,Store C,,
T000010,2024-05-15,C1081,Lucas Robinson,Male,WST,Electronics,,11.21,9.0,Online Payment,Store A,Online,5.0
T000011,2023-07-14,C1208,Mike Smith,Female,West,,468.3,0.69,5.0,Credit Card,Store A,,4.4
T000012,2023-12-26,C1139,Michelle Reed,Female,East,Furnitures,882.25,0.03,10.0,Credit Card,Store D,Offline,3.7
T000013,2023-11-28,C1265,Toni Hill,Male,North,Clothing,408.07,,7.0,Debit Card,,Online,1.4
,2023-03-21,C1361,Andrew Lee,Male,NORTH,Clothing,921.13,6.9,2.0,Online Payment,Store C,Offline,3.5
T000015,,C1351,Matthew Russell,Male,West,electronic,820.16,3.54,,Online Payment,Store D,Online,3.6
T000016,2024-01-17,C1205,Kelly Skinner,,South,Furniture,380.83,13.02,5.0,Credit Card,Store C,Online,2.6
T000017,2023-09-08,C1377,Michael Delacruz,Male,East,Furniture,799.05,9.76,2.0,Cash,Store D,Online,3.4
T000018,2023-08-30,C1310,Stephanie Little,Female,south,Furnitures,,,2.0,Cash,Store C,,3.4
T000019,2024-11-30,,Steven Scott,Male,East,Furniture,488.86,8.68,3.0,Credit Card,,Online,4.1
T000020,2024-06-20,C1223,Derek Russell,Male,Est,Grocery,238.3,,10.0,Debit Card,Store A,Online,
T000021,2024-07-12,C1213,Jennifer Crawford,Female,Est,Grocery,536.53,12.57,5.0,Online Payment,Store D,Online,4.4
,2024-08-03,C1215,Jonathan Hunter,Female,south,ELECTRONIC,25.82,,9.0,Cash,Store A,Offline,2.4
T000023,2023-07-19,C1306,Benjamin Adams Jr.,Male,West,ELECTRONIC,749.53,8.75,7.0,Cash,Store B,Online,3.9
T000024,,,Jeffery Cannon,Male,,Furniture,64.32,,2.0,Credit Card,Store A,Online,2.0
T000025,,C1358,Valerie Perez,Male,North,ELECTRONIC,372.46,11.52,,Online Payment,Store B,Online,3.5
T000026,,C1164,Stephanie Stokes,Female,Est,electronic,,4.0,,Debit Card,Store A,Offline,4.4
T000027,2023-08-11,C1444,Mariah Lewis,Female,WST,Clothing,717.93,2.23,3.0,Online Payment,Store C,Online,1.4
T000028,2023-05-03,C1352,Ashley Choi,Female,East,Furniture,,,1.0,Credit Card,Store A,Offline,
T000029,2023-01-02,C1192,Judy Riley DVM,Female,south,Clothing,474.66,11.02,6.0,Cash,Store C,Online,
T000030,2024-07-12,C1407,Jennifer Ortiz,Female,East,electronic,104.61,5.66,8.0,Debit Card,Store B,Online,2.5
T000031,2023-03-20,C1082,Jonathan Collins,Female,West,Grocery,754.26,0.19,3.0,Credit Card,Store B,Offline,4.0
T000032,2023-05-02,,Darryl Jacobs,,South,Furnitures,137.21,10.96,7.0,,Store C,Online,4.6
T000033,2023-05-10,C1184,Kevin Walsh,Female,WST,Grocery,262.49,5.68,4.0,Online Payment,Store A,Online,3.8
T000034,2024-07-01,C1085,Michael Krueger,Male,Est,,709.26,5.3,2.0,Credit Card,Store C,Offline,4.6
T000035,2023-05-28,C1141,Thomas Douglas,Male,Est,Grocery,837.29,11.48,1.0,Debit Card,Store D,Offline,1.3
T000036,2023-12-12,C1115,David Hamilton PhD,Female,NORTH,Furniture,769.45,4.91,9.0,Credit Card,Store B,Offline,3.4
T000037,2023-04-15,C1013,Angela Smith,Female,WST,Furniture,108.99,8.31,6.0,Online Payment,Store D,Online,1.4
T000038,2023-07-12,C1255,Maria Henderson,Male,West,,182.98,,7.0,Debit Card,Store D,Offline,
T000039,2023-04-28,C1182,Luke Gonzalez,Male,Est,Clothing,626.05,7.25,7.0,Online Payment,Store A,Offline,2.8
,2023-10-06,C1207,Christine Walls,Female,South,Electronics,44.26,4.86,7.0,Cash,Store D,Online,1.6
,2024-03-23,C1469,Penny Gordon,Male,East,Clothing,609.05,,4.0,Cash,Store B,Offline,2.0
T000042,2023-03-17,C1282,Eric Brown,Male,South,Furnitures,708.13,7.16,8.0,Credit Card,Store C,Offline,3.9
T000043,2024-05-02,C1387,Robert Smith,Male,West,Electronics,662.09,3.53,5.0,Online Payment,Store D,,4.9
T000044,2024-03-06,C1390,,,WST,Grocery,896.19,3.56,1.0,Credit Card,Store B,,5.0
T000045,2024-09-11,C1081,Denise Powell,Female,West,Grocery,339.0,2.01,9.0,,Store C,,
T000046,,C1320,Andrea Walker,Male,North,electronic,312.85,9.53,8.0,Cash,,Online,2.9
T000047,2024-07-19,C1145,Sara Yoder,Female,West,Furniture,36.98,14.6,6.0,Online Payment,Store B,Online,4.2
T000048,2023-12-15,C1164,Andrew Hogan,,South,ELECTRONIC,249.66,,6.0,Debit Card,,,
T000049,2024-03-06,,Glen Peterson,Male,,Electronics,650.83,13.06,1.0,Cash,Store B,,4.1
T000050,2024-03-22,C1204,Patrick Obrien,Male,South,Electronics,705.3,,,Credit Card,Store B,Offline,2.4
T000051,2024-12-06,C1035,Jill Lane,Female,West,Furniture,,3.44,5.0,,Store C,Offline,2.8
T000052,2023-09-24,C1347,Sue Jackson,Male,NORTH,,162.72,13.18,3.0,Credit Card,Store D,Offline,3.8
T000053,2023-09-27,,Andrea Webster,Male,,Electronics,270.45,8.44,5.0,Credit Card,Store A,Offline,3.3
T000054,2023-12-13,C1050,,Female,North,Grocery,493.17,,,Online Payment,Store D,Online,3.0
T000055,2023-11-06,C1314,Joseph Madden,Male,Est,electronic,560.28,,4.0,Online Payment,Store B,Offline,
T000056,2023-12-08,C1465,,Female,East,ELECTRONIC,616.15,4.98,7.0,Debit Card,Store B,Online,2.6
T000057,2024-11-18,C1462,Leonard Riley,Male,Est,Furniture,572.63,,,Cash,Store B,Offline,1.0
T000058,2023-04-22,C1330,Jessica Weaver,Female,East,Furniture,215.07,,2.0,Debit Card,Store B,Online,
T000059,2023-04-09,C1440,Jason Ferguson,Female,Est,Grocery,738.58,8.36,7.0,Credit Card,Store A,Online,2.9
T000060,2023-10-17,C1003,Tamara Pope,Male,Est,ELECTRONIC,439.33,14.31,6.0,Credit Card,Store A,Online,4.2
T000061,2024-01-24,C1019,Tammy Williams,Female,NORTH,ELECTRONIC,,0.74,10.0,Credit Card,Store B,Offline,
T000062,2024-08-07,C1156,Nicole Richmond,Female,NORTH,Clothing,445.84,6.05,2.0,Cash,Store D,Offline,
T000063,2023-02-07,C1384,Charles Reynolds,Female,NORTH,Grocery,58.31,,4.0,Credit Card,Store B,Online,3.5
T000064,2024-04-02,C1078,Stephanie Bautista,,South,electronic,624.77,,8.0,Debit Card,Store A,Offline,2.2
T000065,2023-08-23,C1354,Susan Lucero,Male,NORTH,Clothing,426.41,13.68,5.0,Debit Card,Store B,Offline,4.5
T000066,2023-02-24,C1112,Marie Fernandez,Male,south,Furnitures,441.3,14.41,5.0,Online Payment,Store D,Offline,1.2
T000067,2023-10-11,C1144,Jonathan Lewis,Male,WST,Grocery,688.74,11.86,5.0,Online Payment,Store D,Offline,3.8
T000068,2023-03-18,C1479,Jay Reyes,Female,Est,Clothing,821.63,7.29,5.0,Credit Card,Store B,Online,
T000069,2024-09-30,C1279,Kristin Vance,Male,Est,Furnitures,904.77,12.93,6.0,Cash,Store C,Online,5.0
T000070,2023-06-18,,Christian Baker,Male,NORTH,ELECTRONIC,888.74,7.38,5.0,Online Payment,Store B,Offline,
,2023-06-09,C1327,Jonathan Lopez,Male,North,Electronics,775.61,9.07,7.0,Debit Card,Store A,Online,
T000072,2023-06-21,C1429,Geoffrey Gordon,Male,south,Furnitures,587.84,14.25,,Online Payment,Store C,Online,2.2
T000073,2024-02-09,C1224,Ryan Russell,Male,North,Grocery,531.29,4.25,2.0,Credit Card,,Online,2.5
T000074,2023-01-08,C1408,Michelle Hart,Male,East,Furnitures,852.82,,2.0,Debit Card,Store C,Online,2.4
T000075,2023-08-12,C1164,Patricia Heath,Male,Est,electronic,331.6,9.8,6.0,Online Payment,Store B,Online,1.5
T000076,2024-06-28,C1325,Christopher Smith,Male,East,ELECTRONIC,360.06,14.65,1.0,Cash,Store D,Offline,3.5
T000077,2023-12-16,C1311,Christopher Barker,Female,Est,Clothing,525.88,14.46,2.0,Debit Card,,Online,
T000078,2024-05-12,C1387,Cheyenne Day,Male,south,Clothing,783.65,1.89,,Debit Card,Store C,Offline,1.3
T000079,2024-12-17,C1101,Christine Vaughn DDS,Male,East,Furniture,890.5,,2.0,Cash,Store A,Online,2.8
T000080,2023-12-09,C1492,Amanda Martinez,Male,West,Furnitures,529.38,1.65,6.0,Online Payment,,Online,
T000081,,C1343,Mr. Kenneth Rodriguez MD,Female,NORTH,Electronics,816.47,12.93,7.0,Credit Card,Store A,Online,3.9
T000082,2024-07-14,C1159,Gary Wright,Male,,electronic,,9.59,7.0,Cash,Store C,Offline,3.6
T000083,2023-11-18,C1201,,Female,North,electronic,249.47,,8.0,Cash,Store B,Offline,4.9
T000084,2023-11-21,C1361,Elizabeth Wright,Female,Est,Grocery,,0.0,4.0,Cash,Store B,Offline,
T000085,2024-07-31,,Dawn Holmes,Male,,Furniture,474.85,,2.0,Online Payment,Store B,Online,4.0
T000086,2023-07-22,C1258,Christy Rivera,Female,WST,Furniture,799.2,11.65,3.0,Credit Card,Store C,Online,2.7
T000087,2023-03-25,C1484,Mr. Xavier King,Male,south,Furniture,840.13,6.39,5.0,Debit Card,Store D,Offline,1.6
T000088,2024-09-25,C1445,Erin Berry,Male,south,electronic,136.41,13.33,5.0,Credit Card,Store D,Offline,
T000089,2024-04-08,C1363,Terry Cook,Female,south,Clothing,768.46,,6.0,Debit Card,Store A,Offline,2.4
T000090,,C1243,Chelsea Carpenter,,West,Furnitures,440.02,,2.0,Online Payment,Store A,Online,1.5
T000091,2023-09-05,C1198,Michael Romero,,South,Clothing,885.38,,2.0,Credit Card,Store C,Online,
T000092,2023-07-03,C1188,James Anderson,Female,Est,Furnitures,,,10.0,Cash,Store A,Offline,1.6
T000093,2024-07-02,C1014,,Male,Est,electronic,429.85,,9.0,Online Payment,Store D,Online,4.2
T000094,2024-10-25,,,Male,East,,194.03,13.54,6.0,Online Payment,Store D,Online,1.8
T000095,2024-04-13,C1203,Angel Sawyer,Male,North,Furnitures,382.28,4.69,7.0,Cash,Store C,Offline,2.1
T000096,2023-04-23,C1336,,Female,South,ELECTRONIC,762.07,14.79,8.0,,Store A,Online,1.6
T000097,,C1033,,Male,WST,Furniture,64.88,13.48,5.0,Cash,Store C,Online,
T000098,2023-08-10,C1112,Paul Williams,Male,,Furnitures,593.92,,,Credit Card,,Offline,4.2
T000099,2024-12-25,C1474,Sean Thomas,Male,NORTH,Furniture,303.6,12.13,3.0,Debit Card,Store C,Online,
T000100,2024-08-18,C1292,Lisa Chaney,Female,WST,Grocery,222.82,8.67,9.0,Credit Card,,Offline,3.2
T000101,2023-10-05,C1485,Jeanette Ward,Female,West,electronic,614.82,6.91,,Debit Card,Store B,Online,4.6
T000102,2023-01-05,C1030,Christopher Stone,Female,North,Furnitures,968.45,14.9,7.0,Online Payment,,Offline,
T000103,2023-06-24,C1225,Diana Palmer,Male,North,Furnitures,274.09,,2.0,Online Payment,Store A,,2.2
T000104,2024-02-13,C1382,Chris Warren,Male,South,Furniture,689.24,,,Credit Card,Store C,Offline,2.5
T000105,2023-12-08,C1126,Shawn Lee,Male,East,Electronics,588.22,3.59,4.0,Debit Card,Store B,Offline,4.1
T000106,2024-05-28,C1413,Christopher Burns,Male,south,Furnitures,756.44,3.09,6.0,Online Payment,Store B,,3.3
T000107,2024-07-12,C1280,Kathryn Hernandez,Female,WST,Grocery,367.4,,4.0,Online Payment,Store B,Online,4.0
T000108,2023-08-30,C1300,James Brown,Male,Est,Electronics,652.23,,1.0,Debit Card,Store C,Online,3.7
T000109,2023-02-28,C1174,Monica Bruce,Male,North,Clothing,926.2,0.59,10.0,Credit Card,Store A,Offline,1.3
T000110,2024-08-27,C1395,Emily Decker,Female,Est,Grocery,868.43,8.61,1.0,Cash,Store C,Offline,2.0
T000111,2024-08-15,C1454,Elizabeth Bolton,Male,south,Furniture,959.12,7.22,9.0,Cash,Store D,Offline,1.1
T000112,2024-05-12,C1025,Jessica Wilson,Male,,electronic,103.37,13.07,8.0,Credit Card,Store C,Online,2.4
T000113,2024-08-11,C1452,Danny Shaw,Male,North,Electronics,138.6,3.28,6.0,Cash,Store B,Online,
T000114,2024-05-27,C1497,James Rodriguez,Female,south,Clothing,40.42,,10.0,Debit Card,Store D,Online,3.0
T000115,2024-11-19,C1448,Phillip Smith,Male,Est,Furniture,350.32,2.77,1.0,Credit Card,Store C,,2.9
T000116,2023-10-21,C1276,David Carter,Male,North,Electronics,202.95,,7.0,Cash,Store C,Online,
T000117,2023-08-13,C1325,,Female,South,,116.7,,9.0,Debit Card,Store A,Offline,3.5
T000118,2024-05-02,C1264,Courtney Singh,Female,West,Furnitures,,10.28,10.0,Debit Card,Store D,Offline,4.9
T000119,2023-08-11,C1184,Paula Morris,Female,,Furniture,,6.51,4.0,Online Payment,Store D,Online,1.1
T000120,2024-12-06,C1436,Brittany Smith,Female,West,Clothing,518.26,13.48,1.0,Debit Card,Store C,Online,
T000121,2024-12-01,C1108,Misty Smith DVM,Male,Est,Furnitures,388.0,11.22,10.0,Credit Card,Store A,Online,3.9
T000122,2023-03-25,,Andrew Newman,Female,NORTH,Clothing,914.58,2.25,6.0,Credit Card,Store A,Online,1.5
T000123,2023-10-05,C1306,Kristen Cruz,Female,,,572.21,5.04,9.0,Online Payment,Store B,Online,1.6
T000124,2023-02-18,,Patricia Erickson,Male,South,Clothing,314.79,6.45,9.0,Credit Card,Store B,Online,5.0
T000125,2024-03-16,C1498,Anna Sanders,Female,South,Clothing,,12.68,1.0,Debit Card,Store A,Online,2.6
T000126,2024-09-17,C1331,Courtney Frost,Female,West,Clothing,,5.14,1.0,Online Payment,Store C,Online,3.0
T000127,2024-10-03,C1442,George Rivera,Male,East,Electronics,806.46,14.71,5.0,Debit Card,Store D,Online,3.5
T000128,2024-10-31,C1082,Glenda Martin,Female,West,,998.61,,8.0,Cash,Store D,Online,4.9
T000129,2024-12-25,C1132,Bill Davis,Female,East,Clothing,800.18,,2.0,Cash,Store B,Online,2.9
T000130,2024-11-10,C1488,Marissa Bishop,Female,NORTH,ELECTRONIC,287.87,7.2,7.0,Credit Card,Store D,Offline,2.5
T000131,2023-03-31,C1138,Rebecca Chan,,WST,ELECTRONIC,714.39,6.26,2.0,Debit Card,Store C,Online,
T000132,2024-09-27,C1400,Joshua Mayo,Male,South,ELECTRONIC,426.87,5.01,6.0,Debit Card,Store A,Online,
T000133,2024-06-29,C1202,Lisa Ortiz,Male,south,Electronics,400.35,0.82,1.0,Online Payment,Store D,Online,3.2
T000134,2024-05-17,C1181,Ernest Hall,Male,,ELECTRONIC,102.45,11.36,8.0,Debit Card,Store D,Online,2.7
T000135,2024-01-29,C1158,George Hobbs,Female,south,electronic,250.24,,5.0,Online Payment,Store A,Offline,2.6
T000136,,C1496,Darlene Cohen,Male,south,,233.44,,4.0,Debit Card,Store C,Offline,1.0
T000137,2023-12-22,C1202,William Gutierrez,Male,South,,864.76,12.43,4.0,Credit Card,Store B,,2.7
,2024-12-30,C1089,Lawrence Mcclure,,South,Furniture,429.64,,10.0,Debit Card,Store C,Offline,1.5
T000139,2023-08-12,C1046,Michael White,Male,,electronic,,,2.0,Debit Card,,Online,3.9
T000140,2023-03-06,C1470,Zachary Dickerson,Male,NORTH,Grocery,481.77,1.5,7.0,Credit Card,Store A,,4.2
T000141,2024-11-11,C1046,,Female,North,Furniture,161.18,2.66,3.0,Credit Card,Store A,Offline,3.8
T000142,2024-03-31,C1175,Brandon Sullivan,,South,Electronics,250.59,6.46,6.0,Debit Card,Store A,Offline,3.1
T000143,2023-01-20,C1414,Ian Quinn,Male,,Electronics,235.89,6.37,3.0,Cash,Store A,Offline,1.2
T000144,2023-02-14,C1206,Michelle Stephens,Female,NORTH,Furniture,543.47,2.26,2.0,Cash,Store A,,1.6
T000145,,C1181,Francisco Stark,Female,East,Grocery,798.87,,8.0,Debit Card,Store D,Online,2.3
T000146,2023-01-21,C1469,Benjamin Cline,Female,North,Furnitures,826.29,,1.0,Credit Card,Store B,Online,2.2
T000147,2023-03-06,C1316,Lauren Gonzalez,Female,North,electronic,,,7.0,Cash,Store A,Offline,2.5
T000148,2023-08-25,C1253,Bruce Lane,Female,North,Grocery,513.19,13.29,,Credit Card,,Offline,
T000149,2023-09-23,C1108,Timothy Adams,Male,WST,,414.22,8.38,6.0,Online Payment,Store D,Online,2.6
T000150,2023-01-08,C1308,,Female,,,253.51,7.01,3.0,Online Payment,Store C,Offline,
T000151,2023-04-02,C1282,Matthew Jennings,Male,North,ELECTRONIC,165.79,9.95,7.0,Debit Card,,Offline,3.3
,2024-08-24,,,,Est,Electronics,49.94,,8.0,Cash,Store D,Online,4.5
T000153,2024-02-22,C1287,Christopher Bishop,Male,WST,electronic,119.28,,2.0,Credit Card,Store A,Online,1.3
T000154,,C1429,Casey Garcia,Female,south,Clothing,287.23,2.96,4.0,Cash,Store B,Offline,3.3
T000155,,,Elizabeth Jenkins,Female,WST,Furnitures,363.47,6.73,3.0,Credit Card,Store C,Offline,2.3
T000156,2024-08-22,C1350,Jennifer Yu,Female,,Electronics,180.46,,6.0,Credit Card,Store D,Offline,
,2024-07-29,C1140,,Male,West,ELECTRONIC,208.59,5.02,,Debit Card,Store D,Offline,2.4
T000158,2023-08-14,C1403,David Miranda,Female,South,Furniture,240.16,2.7,4.0,Cash,,Offline,1.0
T000159,2024-12-18,C1275,Jeremy Williams,Female,NORTH,Furniture,530.88,5.31,4.0,Cash,,Online,2.0
T000160,2023-08-26,C1422,Michele White,Female,North,Electronics,472.16,,1.0,Credit Card,Store D,Online,
T000161,2024-09-21,C1155,,Male,Est,Furniture,930.48,14.81,3.0,Cash,Store C,,3.1
,2024-10-12,C1497,Jerry Thomas MD,Female,East,Electronics,623.04,5.91,,Debit Card,Store D,Offline,4.5
T000163,2024-06-24,,Danielle Perez,Male,South,Furniture,260.01,9.33,4.0,Debit Card,Store B,Online,5.0
T000164,,C1463,Ana Johnston,Female,East,Furniture,629.63,12.31,4.0,Online Payment,,Offline,4.4
,2023-10-29,C1384,Shawn Bryant,Male,East,ELECTRONIC,951.71,,10.0,Online Payment,Store D,,2.1
,2023-09-18,,Thomas Fletcher,Female,North,Electronics,139.94,2.2,4.0,Credit Card,Store D,Offline,3.4
T000167,2023-03-17,C1492,James Jones,Female,South,Electronics,771.64,10.05,5.0,Cash,Store C,Online,
T000168,2023-02-03,C1474,Jennifer Collins,Female,South,ELECTRONIC,549.6,11.95,9.0,,Store A,Offline,1.6
T000169,2023-12-18,C1045,Dawn Norman,Female,Est,Clothing,683.29,1.72,1.0,Debit Card,Store B,Online,2.9
T000170,2024-12-25,,Peggy Dudley,Male,Est,Grocery,696.44,,9.0,Online Payment,Store B,,1.6
T000171,2024-01-12,C1467,Joseph Robertson,Male,WST,Grocery,150.91,,1.0,Cash,Store A,Offline,4.0
T000172,2024-06-10,C1343,Bruce Olsen,Female,Est,ELECTRONIC,748.0,11.4,7.0,Cash,Store B,Offline,3.5
T000173,2024-04-08,C1206,Megan Calderon,Male,NORTH,Furniture,587.15,,3.0,Credit Card,Store A,Offline,2.1
T000174,2023-12-19,C1072,Alan Parker,Male,south,electronic,380.36,9.0,2.0,,Store B,Online,3.5
T000175,,C1372,Russell James,Male,West,,584.68,0.34,7.0,Debit Card,Store B,,2.1
T000176,,C1274,,Male,South,Electronics,402.72,3.16,7.0,Online Payment,Store B,Online,
T000177,2023-12-28,C1035,Gregory Ryan,Male,Est,Grocery,513.66,,4.0,,Store B,Online,1.1
T000178,2024-12-22,C1201,Jessica Bridges,Male,NORTH,ELECTRONIC,846.97,11.87,,Debit Card,Store D,Online,1.8
T000179,2023-11-04,C1287,,Male,South,Grocery,391.03,6.6,,Cash,Store B,Online,4.9
T000180,2024-07-12,C1419,Isaac Baker,Female,South,,230.58,0.59,9.0,Cash,Store D,Online,4.5
T000181,2023-02-27,C1400,,Male,south,ELECTRONIC,242.4,12.24,9.0,Debit Card,Store B,Online,1.3
T000182,2024-02-19,,Brianna Sandoval,Male,North,electronic,437.68,3.42,2.0,Debit Card,Store D,Online,
,2024-09-16,,Lauren Adams,Female,WST,Electronics,189.74,1.49,7.0,Cash,Store C,Online,
T000184,2023-07-14,,Deborah Boyd,Male,West,Furniture,334.53,9.69,9.0,Credit Card,,Online,1.8
T000185,2024-07-07,C1158,Henry Kelly,Male,West,Electronics,210.66,5.06,2.0,Debit Card,Store C,Online,3.4
T000186,2023-02-28,C1257,Matthew Poole,Male,Est,Clothing,853.27,12.39,2.0,Cash,Store C,Offline,2.3
T000187,2023-11-18,C1194,Nicole Adams,Female,,electronic,204.77,,4.0,Cash,Store D,Offline,1.1
T000188,2023-09-13,,David Jackson,Female,North,Furnitures,574.69,,2.0,Cash,Store D,Online,1.7
T000189,2024-02-01,,Kenneth Smith,Male,WST,Electronics,24.11,2.18,2.0,Debit Card,Store C,Offline,2.5
T000190,2024-11-15,C1284,Richard Mckenzie,Male,North,Electronics,47.18,3.62,2.0,Debit Card,,Offline,2.8
T000191,2023-02-03,C1451,George Short,Male,Est,Grocery,751.88,0.81,2.0,Credit Card,Store D,Online,
T000192,2024-10-09,C1349,Henry Molina,Male,East,Furniture,289.42,,10.0,Cash,Store B,Online,1.3
T000193,2024-12-07,C1094,Betty Silva,Female,West,Clothing,879.22,5.86,8.0,Credit Card,Store C,Offline,4.1
T000194,2023-11-21,C1450,Kristen Rodriguez,Male,Est,Electronics,795.03,9.33,1.0,Cash,Store C,Offline,2.8
T000195,2023-10-17,C1241,William Sandoval,Male,Est,Clothing,145.33,0.24,9.0,Credit Card,,Offline,3.9
T000196,,C1208,Melinda Moore,Male,Est,electronic,478.27,11.58,6.0,Online Payment,Store D,,
T000197,2023-09-14,C1376,Joseph Mendoza,Male,South,Furniture,280.86,11.21,2.0,Credit Card,Store A,Online,2.0
T000198,,,David Baker,Female,WST,Clothing,322.68,6.95,1.0,Online Payment,Store A,,1.6
T000199,2024-07-27,C1147,Nathan Silva,Female,South,Furnitures,691.71,11.48,1.0,Credit Card,,Offline,4.0
T000200,2023-10-02,C1497,Katie Gallegos,Male,NORTH,ELECTRONIC,957.36,,7.0,Cash,Store A,Online,1.5
T000201,2024-05-26,C1498,Elizabeth Taylor,Female,East,Grocery,19.94,14.73,6.0,Cash,Store A,Offline,2.0
T000202,,C1491,Heather Morrison,Female,West,Grocery,522.26,5.63,5.0,,Store D,,3.8
T000203,2024-03-09,,Donna Brown,Male,,ELECTRONIC,323.78,0.33,9.0,Credit Card,Store B,Offline,4.1
,2023-03-03,C1011,Brian Robinson,Male,Est,Furniture,685.93,7.45,7.0,,Store B,Online,3.7
T000205,2023-01-10,C1410,Stephen Rodriguez,Female,East,Furniture,830.4,9.88,,Online Payment,Store B,Online,
T000206,2023-03-14,C1161,Brenda Garza,Female,south,electronic,390.31,,9.0,Debit Card,Store A,Online,1.7
T000207,2023-09-09,,Wayne Jones,Male,Est,,,13.77,5.0,Online Payment,Store C,Offline,
T000208,2024-08-22,C1379,Jonathan Little,Female,South,Furniture,545.22,,,Credit Card,Store D,Offline,3.9
,2024-01-30,C1477,Jeffrey Thompson,Female,North,Furniture,237.38,8.73,4.0,Online Payment,Store D,Offline,
T000210,2023-11-12,C1175,,Male,south,ELECTRONIC,891.47,13.3,3.0,Online Payment,Store C,Offline,1.0
T000211,2023-02-04,C1382,Tracy Dunn,Female,WST,ELECTRONIC,,,2.0,Online Payment,Store D,Online,2.8
T000212,,C1404,Jeremy Rowe,Male,south,ELECTRONIC,964.01,1.48,4.0,Cash,Store B,Online,4.6
T000213,2023-12-31,C1019,,Male,WST,Grocery,637.8,3.29,10.0,Credit Card,Store A,,
T000214,2024-09-26,C1415,Alexander Beck,Female,South,Furniture,179.99,,1.0,Debit Card,Store A,Online,4.6
T000215,2024-06-21,C1282,Lisa Mccarty,Female,south,Furniture,510.01,2.09,6.0,,Store B,Offline,2.6
T000216,2023-06-14,C1245,Steven Knox,Male,North,Furnitures,365.49,,6.0,Cash,Store B,Online,4.8
T000217,2023-05-21,C1460,Jonathan Brooks,Male,south,Furnitures,472.84,8.67,1.0,Online Payment,,Offline,3.6
T000218,2024-04-26,C1019,Jason Brady,Female,East,Clothing,173.03,10.24,6.0,Credit Card,Store B,Online,3.9
T000219,2023-11-21,C1404,Edward Cross,,,electronic,67.44,8.87,8.0,Debit Card,Store C,Online,
T000220,,C1208,Glenda Nguyen,Male,south,Electronics,717.07,12.17,5.0,Cash,Store B,Offline,1.3
T000221,2024-04-13,C1381,Mary Whitney,Female,WST,Clothing,329.98,12.87,5.0,Credit Card,Store B,Offline,2.5
T000222,2023-11-01,C1072,,Female,South,ELECTRONIC,910.75,12.28,10.0,Cash,Store A,,3.9
T000223,2023-02-11,C1199,Kyle Smith,Female,West,Furniture,,3.42,,Cash,Store B,Offline,2.7
T000224,2023-03-07,C1365,Daniel Drake,,South,Clothing,,,7.0,Credit Card,Store A,Offline,3.4
T000225,2023-09-02,C1250,Carol Wilcox,Male,North,Clothing,817.59,3.0,,Cash,Store D,Online,4.6
T000226,2024-12-10,C1267,Kevin Raymond,Male,NORTH,Furniture,767.32,13.55,6.0,Online Payment,Store C,Online,
T000227,2024-03-23,C1489,Paul Roberts,Female,NORTH,Furniture,,3.32,3.0,Debit Card,Store D,Offline,4.9
T000228,2023-07-07,C1167,Christopher Smith,Female,NORTH,Furnitures,268.57,4.31,,Online Payment,Store B,Online,3.2
T000229,2023-01-04,C1051,Julian Webb,Female,East,Grocery,773.02,13.08,5.0,Debit Card,Store B,Online,
T000230,2024-07-01,C1321,Brian Knight,Male,South,Electronics,472.86,1.92,5.0,Debit Card,Store B,,2.4
T000231,2024-12-20,C1131,Melvin Gentry,Female,West,Grocery,801.5,14.49,4.0,Online Payment,Store B,Offline,4.9
T000232,2024-10-15,C1343,Jennifer Gibson,Female,Est,Electronics,,11.34,10.0,Cash,Store B,Offline,4.6
T000233,2024-11-04,C1076,Kenneth Mullins,Female,Est,Furnitures,100.98,11.58,6.0,Cash,Store B,,2.9
T000234,2024-08-01,C1017,Janet Estrada,Male,East,Furnitures,575.23,11.7,2.0,Cash,Store D,Offline,
T000235,2023-07-25,C1454,Mark Tate,Female,,Furnitures,827.44,,3.0,Credit Card,Store A,Online,3.1
T000236,2023-06-08,C1280,Shannon Johnson,Female,West,Clothing,296.05,,,Cash,Store B,Offline,2.2
T000237,2024-11-18,C1038,Marc Clark,Female,NORTH,,233.94,8.88,10.0,Credit Card,Store B,Offline,
T000238,2024-03-10,C1055,Shane Fuller,Female,south,Clothing,529.64,6.82,3.0,Cash,Store D,,
T000239,2024-04-19,C1331,Patrick Mejia,Female,Est,Grocery,347.64,12.24,4.0,Credit Card,Store D,Offline,4.3
T000240,2024-04-18,C1186,Ashley Cross,Male,south,electronic,113.18,13.74,6.0,Online Payment,Store C,Offline,
T000241,,C1087,Steven Mitchell,Female,South,Grocery,537.26,,5.0,Online Payment,Store D,Online,4.7
T000242,2023-03-11,C1122,Dr. David Wilson,Male,South,electronic,109.17,14.73,1.0,Cash,Store C,Online,3.1
T000243,2023-06-09,C1440,Sandra Clark,Female,North,ELECTRONIC,962.64,7.69,10.0,Online Payment,Store C,Offline,4.9
T000244,2023-10-21,C1017,Christopher Johnston,Female,NORTH,ELECTRONIC,556.89,9.0,1.0,Online Payment,Store C,Online,2.2
T000245,2024-06-29,C1500,Dawn Ruiz,Female,East,ELECTRONIC,48.08,8.84,8.0,Cash,Store D,Online,1.3
T000246,2023-01-03,C1213,Jennifer Werner,Female,South,electronic,660.53,2.6,1.0,Debit Card,Store A,Offline,2.4
,2023-12-15,,Sharon Brown,Female,Est,Clothing,,12.41,7.0,,Store B,,2.8
T000248,2024-05-15,C1239,Hannah Rocha,Female,Est,electronic,957.35,12.69,10.0,Online Payment,Store D,Offline,
,2023-01-10,C1024,,Male,East,,,11.6,3.0,Debit Card,Store B,Offline,1.1
T000250,2023-08-22,C1305,Rebecca Garza,Male,WST,Electronics,481.38,11.15,,Credit Card,Store A,Offline,3.5
T000251,2023-05-16,C1263,Amanda Lynch,Female,south,Electronics,,0.38,1.0,Cash,Store B,,2.8
T000252,2024-01-01,C1479,Jordan Craig,Female,south,Grocery,242.25,,3.0,Credit Card,Store A,Offline,3.1
T000253,2023-11-20,C1437,Samantha Black,Female,NORTH,ELECTRONIC,246.7,4.21,6.0,,Store B,Offline,3.9
T000254,2023-09-17,C1026,Troy Diaz,Male,East,electronic,282.56,,7.0,Online Payment,Store A,Online,2.4
T000255,2023-05-13,C1088,Victor Levy,Female,south,Furnitures,321.9,7.86,1.0,Credit Card,Store A,Online,1.1
T000256,2024-06-07,C1326,Kathleen Johnson,Male,South,Electronics,591.92,9.21,2.0,Cash,Store D,Offline,1.6
T000257,2023-09-01,C1324,Lori Bridges,Female,,Electronics,902.97,,1.0,Cash,Store A,Online,1.6
T000258,2023-04-28,,Jacqueline Gordon,Female,East,Grocery,96.36,,6.0,Online Payment,Store C,Offline,3.1
T000259,2023-09-12,C1344,,Female,south,,107.18,4.68,,Cash,Store B,Online,1.5
T000260,,C1497,Raymond Bowman,Male,West,Furniture,710.59,9.32,8.0,Debit Card,,Online,2.2
T000261,2024-08-16,,Heidi King,Male,Est,Clothing,210.93,8.68,9.0,Credit Card,Store C,Offline,4.7
T000262,,C1181,Trevor Mccall,Female,West,Grocery,919.67,,10.0,Cash,Store D,Online,4.5
T000263,2023-07-31,C1470,Anthony Smith,Female,,Electronics,471.44,,10.0,Cash,Store B,Offline,4.4
T000264,2023-12-26,C1086,Joseph Richardson,Female,North,Clothing,272.86,,,Credit Card,Store A,Online,3.9
T000265,2023-02-03,C1078,Helen Buchanan,Male,East,electronic,217.6,11.79,8.0,Online Payment,Store B,Online,4.2
T000266,2023-04-22,C1003,Robert Jordan,Male,NORTH,electronic,240.48,13.42,,Cash,Store C,Offline,
T000267,2024-07-03,C1160,Mark Bright,Female,south,electronic,908.67,2.05,2.0,Debit Card,Store B,Offline,4.7
T000268,2024-06-05,C1075,Amy Allen,Male,West,Clothing,59.28,14.31,5.0,Debit Card,Store C,Offline,2.6
T000269,2023-03-10,C1059,,Female,West,Grocery,197.75,0.84,4.0,Debit Card,Store B,Offline,1.9
,,C1423,Jeremiah Robinson,Female,WST,Furnitures,502.61,,3.0,Debit Card,Store B,Offline,4.2
T000271,2024-03-07,C1018,Nathan Downs,Male,south,electronic,285.83,,,Cash,Store D,Online,4.4
T000272,2023-07-21,C1297,Stephen Carney,Male,Est,ELECTRONIC,341.62,9.07,1.0,Cash,Store D,Online,3.1
,2023-10-27,C1466,Derek Parker,Female,NORTH,electronic,103.48,13.35,,Credit Card,Store D,Online,4.3
T000274,2023-10-03,C1223,Danielle Ortiz,Female,North,,655.37,11.6,9.0,Online Payment,Store A,Online,1.9
T000275,2024-12-21,C1443,Natalie Campbell,Female,NORTH,Electronics,447.4,14.71,4.0,Online Payment,Store A,Online,4.1
T000276,2023-03-28,C1233,Jimmy Short,Male,,Clothing,958.31,14.35,8.0,Debit Card,Store A,Offline,2.8
T000277,2024-01-12,C1210,Ariana Rocha,Male,Est,Grocery,169.25,,10.0,Online Payment,Store D,Online,4.6
T000278,,C1297,Charles Edwards,Male,West,ELECTRONIC,682.49,12.59,8.0,Credit Card,Store C,Offline,1.2
T000279,2024-08-09,C1134,John Hill,Male,West,Electronics,53.75,1.67,5.0,Cash,Store A,Online,3.0
T000280,2023-12-12,C1401,Kimberly Ewing,,WST,Clothing,987.87,4.82,5.0,Cash,Store A,Online,4.0
T000281,2024-12-04,C1233,Matthew Hood,,South,Grocery,792.93,,4.0,Credit Card,Store B,Offline,3.0
T000282,2023-01-26,C1453,Sharon Reid,Female,WST,Furnitures,,6.96,3.0,Debit Card,Store B,Offline,4.0
T000283,2023-06-18,C1200,,Male,Est,Furniture,,8.48,2.0,Credit Card,,Online,2.1
T000284,2023-07-08,C1043,Mark Berger,Female,,,30.06,2.33,9.0,Cash,Store A,Offline,4.0
T000285,2023-10-08,C1290,Ryan Cole,Female,south,Electronics,373.44,3.92,6.0,Credit Card,Store A,Offline,1.9
T000286,2024-12-27,C1375,Amanda Riley,Female,West,Clothing,245.85,12.3,7.0,Debit Card,Store A,Offline,4.4
T000287,2024-08-23,C1216,Rachel Reid,Male,NORTH,Electronics,518.82,9.37,10.0,Credit Card,Store A,Online,5.0
T000288,2023-10-22,C1431,Douglas Romero,Male,WST,Electronics,298.88,7.88,9.0,Cash,Store C,Online,2.1
T000289,2024-12-17,C1079,Destiny Wilson,Female,South,,803.87,5.99,8.0,Credit Card,Store C,Offline,1.0
T000290,2023-12-04,C1416,Adam Chapman,Male,South,Clothing,160.32,7.8,1.0,Cash,Store A,Online,1.7
T000291,2023-08-29,C1126,Sarah Wilkerson,Female,,ELECTRONIC,552.95,,3.0,,Store B,Offline,1.8
T000292,2023-03-02,C1483,Brianna Hart,Male,North,ELECTRONIC,282.71,7.08,1.0,Online Payment,Store D,Online,1.5
T000293,2023-10-25,C1052,,,south,Clothing,173.8,5.76,9.0,Online Payment,Store D,Offline,
T000294,2023-05-08,C1333,Annette Smith,Female,West,Furnitures,518.54,,6.0,Cash,Store B,Online,3.6
T000295,2023-02-25,C1472,,Female,North,Furniture,731.91,1.25,1.0,Credit Card,Store A,Offline,1.7
T000296,2023-02-20,C1039,,Female,East,,503.82,13.98,8.0,Debit Card,Store A,Offline,
T000297,2023-06-17,C1234,Barbara Jackson,Male,North,electronic,548.34,14.4,9.0,,Store A,,
T000298,2023-12-30,C1184,Brian Walker,,West,electronic,829.43,13.07,9.0,Online Payment,Store C,Online,3.0
T000299,2024-12-29,C1293,Jonathan Barnes,Female,North,,310.99,,,Credit Card,,Online,1.1
T000300,,C1345,,Male,Est,Furniture,37.32,12.62,10.0,Credit Card,Store B,Offline,
T000301,2024-03-25,C1235,Elizabeth Peterson,Male,West,Furnitures,431.28,1.71,9.0,,Store B,Offline,2.4
T000302,2023-02-16,C1057,Jonathan Carlson,Female,WST,electronic,604.31,12.9,,Cash,Store A,Offline,1.7
T000303,2023-10-15,C1204,Melissa Smith,Female,West,Furnitures,861.66,,,Cash,,,
T000304,2024-07-17,C1012,Sandra Vasquez MD,Female,south,Grocery,898.74,7.32,10.0,Online Payment,Store A,Online,
T000305,2023-12-22,C1211,Aaron Lawson,Female,West,Furniture,218.92,9.15,8.0,Online Payment,Store D,,
T000306,2024-02-11,C1195,Lori Gaines,Male,North,Furnitures,478.26,0.26,5.0,Credit Card,Store D,Online,3.6
T000307,2024-03-24,C1460,Scott Ingram,Female,West,electronic,634.89,4.6,6.0,Cash,,Online,3.5
T000308,2024-11-06,C1376,,Female,NORTH,electronic,679.12,4.95,4.0,Cash,Store C,Online,3.5
T000309,,C1064,Terry Fuentes,Male,West,Grocery,262.14,,9.0,Credit Card,Store C,Online,
T000310,2024-10-09,C1001,Charles Young,Male,south,ELECTRONIC,,6.22,4.0,Cash,Store C,Online,
T000311,2024-07-05,C1314,Christopher Conley,Male,West,Furnitures,208.66,1.72,6.0,Debit Card,Store D,Online,3.9
T000312,2023-02-22,C1453,Manuel Carroll,Male,North,Clothing,441.74,5.31,3.0,,Store C,Online,4.6
T000313,2023-02-01,C1485,Melinda Miller,Male,Est,Furnitures,717.2,0.3,10.0,Cash,,Online,4.2
,2024-05-12,C1055,Gregory Castro,Female,NORTH,Furnitures,237.25,12.98,5.0,Online Payment,Store D,Online,
T000315,2024-09-23,C1420,,Male,Est,Electronics,603.88,3.14,9.0,Debit Card,Store C,Online,3.0
T000316,2023-08-31,C1148,Carl Huang,,south,electronic,949.24,7.72,2.0,,,Online,4.8
T000317,2024-11-16,C1314,Jessica Watkins,Female,West,Electronics,,,8.0,Credit Card,Store C,Online,3.1
T000318,2024-06-10,C1001,Denise Parker,Female,,Electronics,256.59,5.38,10.0,Credit Card,Store D,Online,2.1
T000319,2024-09-16,C1129,John Brock,Male,WST,ELECTRONIC,612.3,10.77,,Cash,Store B,Online,2.5
,2023-07-13,C1175,,,Est,Grocery,409.59,1.1,,Cash,Store D,Offline,1.0
T000321,2023-02-04,C1332,,Female,Est,,71.69,12.41,9.0,Credit Card,Store B,Online,1.1
T000322,2023-07-11,C1449,Ann Phillips,Female,South,ELECTRONIC,99.84,12.55,5.0,Cash,Store C,,4.0
T000323,2024-11-17,C1385,Kerri Chase,Male,East,ELECTRONIC,576.18,4.4,,Cash,Store D,Offline,1.6
T000324,2023-08-06,C1196,Timothy Reeves,Female,south,Furnitures,27.52,11.33,5.0,Credit Card,,,2.3
T000325,2023-11-28,C1083,Lisa Garcia,Male,NORTH,Furnitures,340.57,,7.0,Online Payment,Store A,Online,1.8
,2023-06-08,C1462,Sara Wilson,Female,North,Furnitures,587.37,1.62,4.0,Cash,Store A,Offline,
T000327,2024-10-14,C1326,,Male,south,Grocery,394.9,,4.0,Cash,Store B,Offline,3.5
T000328,2024-03-10,C1462,Michael Jones,Female,WST,Grocery,737.44,0.42,6.0,Debit Card,Store D,Online,2.9
T000329,2024-01-02,C1118,Patricia Moss,Female,Est,,614.33,2.5,10.0,Online Payment,Store B,Online,2.9
T000330,2024-01-15,C1110,,Male,,Electronics,63.26,2.98,9.0,Debit Card,,Offline,2.7
T000331,2023-06-14,C1203,Karen Nichols,Female,North,Furnitures,544.16,6.21,1.0,Cash,Store B,Offline,2.2
T000332,2024-10-03,C1289,Joseph Brown,,WST,Clothing,733.45,6.72,8.0,,Store B,Offline,1.3
T000333,2023-08-29,C1105,,,WST,electronic,284.69,,3.0,Online Payment,Store D,Online,2.4
T000334,2024-10-06,C1367,Mr. John Hatfield,Female,south,Grocery,685.04,5.31,10.0,Debit Card,Store C,,1.7
T000335,2023-07-03,,Stacy Pacheco,Male,,Electronics,393.04,,6.0,Debit Card,Store A,Online,4.3
T000336,2023-12-01,C1084,Calvin Mitchell,Female,WST,electronic,,1.48,7.0,Credit Card,Store C,Online,1.6
T000337,2023-06-25,C1361,Jill Christian,Female,South,Clothing,868.71,,1.0,Debit Card,Store A,Offline,2.7
T000338,2023-10-02,C1303,Kathryn Holder,Female,Est,ELECTRONIC,836.18,,1.0,Cash,Store D,,2.2
T000339,2023-02-27,C1266,Brenda Rodriguez,Male,South,Clothing,268.85,2.7,9.0,Online Payment,Store A,Offline,
,2024-10-19,C1473,,Male,NORTH,Grocery,,12.33,10.0,Online Payment,Store D,Offline,3.9
T000341,2023-12-16,C1378,Michael Nelson,Female,East,electronic,513.08,5.09,6.0,Credit Card,Store C,Online,
,2024-03-27,C1287,Nicole Greene MD,Female,south,Furnitures,794.6,,1.0,Cash,Store C,Offline,1.2
T000343,2024-01-19,C1366,Ashley Jones,Male,West,Furniture,,7.28,8.0,Debit Card,Store D,Offline,2.0
T000344,,C1326,Jennifer Allen,Female,WST,Furniture,169.61,,1.0,Debit Card,Store A,Offline,3.9
T000345,2023-12-14,C1115,David Anderson,Male,WST,Clothing,,,10.0,Debit Card,Store A,Offline,2.9
T000346,2024-03-04,C1266,Mr. Thomas Miranda,Female,South,electronic,883.93,14.8,4.0,Online Payment,Store B,Online,2.4
T000347,2024-11-19,C1221,Dana Blake,Male,south,Clothing,972.61,7.42,2.0,Online Payment,Store A,Online,2.9
T000348,2023-05-16,C1485,Justin Warner,Female,East,electronic,441.72,14.38,3.0,Cash,Store D,Offline,
T000349,2023-05-18,C1132,Bryan White,Male,West,,162.13,14.07,9.0,Online Payment,Store B,Online,4.6
T000350,2024-06-13,C1251,Bonnie Romero,Male,North,Furniture,484.75,8.11,1.0,Credit Card,Store C,Online,3.1
T000351,2023-12-09,C1277,Cynthia Mathis,Female,south,Furniture,734.36,4.01,1.0,Credit Card,Store A,Offline,2.7
T000352,2023-01-11,C1276,Lisa Hernandez,Female,North,Clothing,194.77,,4.0,Cash,Store D,Online,1.8
T000353,2024-11-14,,Kimberly Perkins,Male,Est,electronic,927.34,4.69,4.0,Cash,Store D,Online,2.9
T000354,2024-06-04,C1228,Thomas Rivers,Female,Est,Clothing,781.37,13.97,4.0,Cash,Store A,Offline,
T000355,2023-11-07,C1354,,Female,Est,ELECTRONIC,11.47,11.42,2.0,Credit Card,Store B,Offline,3.1
T000356,2023-03-08,C1482,Brian Smith,Male,NORTH,electronic,881.09,9.23,1.0,Debit Card,Store A,Offline,
T000357,2023-06-26,C1316,Charles Jackson,Female,West,Electronics,521.4,,8.0,,Store D,Online,4.3
T000358,2023-08-25,C1375,Roberto Brown,,,Grocery,723.13,1.67,1.0,Debit Card,Store A,,
T000359,2023-03-08,C1122,Amy Miller,Male,WST,Clothing,838.35,11.8,9.0,Credit Card,Store C,Online,3.2
T000360,2024-03-25,C1440,Kelli Smith,Male,Est,Grocery,979.13,,7.0,Cash,Store C,Online,1.9
T000361,2023-11-22,C1308,Mark Mcdonald,Male,south,Furnitures,382.52,,8.0,Debit Card,Store A,Offline,
T000362,2024-05-27,C1440,Michael Allen,Female,East,Furniture,,7.54,8.0,Credit Card,Store D,Offline,
T000363,2023-01-16,C1318,Donald Lambert,Male,,,640.48,0.69,6.0,Debit Card,Store C,Offline,2.2
T000364,2023-03-01,C1001,Jacob Rodriguez,Female,North,Furnitures,881.53,13.59,2.0,Debit Card,Store A,Offline,3.5
T000365,2024-05-06,C1125,Jessica Aguirre,Male,Est,Clothing,41.67,1.1,4.0,Online Payment,Store D,Online,2.7
,2023-03-24,C1335,Carrie Clayton DVM,Female,WST,Clothing,658.83,12.39,1.0,Credit Card,,Offline,1.1
T000367,2023-02-02,C1261,Derek Gallegos,Male,Est,,644.15,14.46,2.0,Credit Card,Store D,Online,4.6
T000368,2024-04-01,C1356,Andrew Scott,Female,South,ELECTRONIC,39.12,,2.0,Cash,Store B,Online,2.6
T000369,2023-08-05,C1355,Todd Beasley,Female,Est,Electronics,127.71,,7.0,Online Payment,Store A,Offline,
T000370,2023-01-31,C1431,Brandon Dunn,Female,Est,electronic,923.44,2.99,1.0,Debit Card,,Online,4.2
T000371,2024-07-30,,Diane Webb,,West,Furnitures,842.69,,4.0,Credit Card,Store C,Online,2.4
T000372,2023-06-24,C1096,Crystal Cobb,Female,South,Furnitures,820.18,,10.0,Cash,Store B,Offline,4.9
T000373,2024-11-10,C1102,Roger Lopez,Female,NORTH,Electronics,204.74,,,Debit Card,Store B,Online,2.3
T000374,2023-06-16,C1422,Katie Morales,Female,Est,Electronics,490.54,2.06,3.0,Credit Card,,Offline,
T000375,2024-10-15,C1123,Hannah Larson,Male,,Grocery,,7.69,,Debit Card,Store C,Online,3.7
,2023-03-15,C1010,Antonio Atkins,Male,WST,Grocery,263.73,6.79,5.0,Debit Card,Store A,Online,3.9
T000377,2024-05-20,C1407,Brian Wilkerson MD,Male,South,Furniture,731.22,8.41,1.0,Credit Card,Store B,Offline,1.1
T000378,2024-06-10,C1044,Betty Miles,Female,North,Furnitures,856.24,2.98,2.0,,Store D,Online,1.8
T000379,2024-11-17,C1215,Kenneth Davidson,Male,South,ELECTRONIC,561.56,12.68,6.0,Debit Card,Store C,Online,4.5
T000380,2024-10-29,C1066,Christopher Johnson,Male,WST,Clothing,18.89,2.73,1.0,,Store B,Online,
T000381,2023-01-29,C1480,Kristin Rodriguez,Male,South,Furnitures,776.22,2.28,7.0,Cash,Store A,Offline,3.9
T000382,2023-05-12,C1246,Ethan Howard,Female,south,ELECTRONIC,809.25,1.4,6.0,,Store C,Online,2.0
T000383,2023-05-21,C1471,,Male,South,Electronics,36.68,11.75,10.0,Cash,Store C,Online,4.6
T000384,2023-03-16,C1023,Laura Parker,,WST,Clothing,233.42,5.85,1.0,Cash,,Offline,3.8
T000385,2023-08-19,C1305,Joan Edwards,Male,Est,electronic,728.04,9.93,4.0,Online Payment,Store C,Offline,1.3
T000386,2023-05-04,C1432,Mark Marsh,Female,East,Grocery,30.59,7.74,10.0,Online Payment,Store C,Online,4.6
T000387,2024-01-26,C1327,Nancy Levy,Female,NORTH,Furnitures,507.74,14.47,6.0,Credit Card,Store A,Offline,2.7
T000388,2023-08-02,C1007,Anthony Moreno,Female,East,Grocery,768.16,13.08,2.0,Debit Card,Store B,Online,3.9
,2024-02-26,C1357,Patricia Riggs,,West,,941.69,0.39,1.0,Credit Card,Store A,Online,4.3
T000390,2024-11-12,C1037,Barbara Martinez,Female,South,electronic,607.47,,8.0,,Store C,Offline,
T000391,2024-05-09,C1428,Brian Ramos,Female,East,Clothing,398.57,,7.0,Online Payment,Store A,Offline,1.9
T000392,2023-11-29,C1292,Anthony Garcia,Female,,Clothing,568.25,,7.0,Debit Card,Store A,,
T000393,2023-12-03,C1225,Mr. Calvin Alexander,Female,NORTH,Clothing,,7.62,8.0,Cash,Store B,Online,2.9
T000394,2023-10-14,C1060,,Female,East,ELECTRONIC,229.2,,2.0,Debit Card,Store D,Online,
T000395,2024-03-25,C1433,Tracy Peters,Female,WST,,154.38,3.51,5.0,Debit Card,Store C,Offline,2.0
T000396,2024-09-30,,Holly Hoffman,Male,south,Furnitures,889.49,13.64,5.0,Debit Card,Store D,Online,
T000397,2023-04-14,C1054,,Female,North,Clothing,606.85,,1.0,Online Payment,Store C,Online,
T000398,2023-10-26,,Jennifer Chase,Male,Est,Clothing,649.36,10.56,1.0,Online Payment,Store C,,4.9
T000399,2023-09-18,C1284,Joseph Young,Female,East,electronic,803.82,2.5,9.0,Online Payment,,Online,3.5
T000400,2024-06-19,C1451,William Solis,Male,South,Furniture,722.52,,8.0,Credit Card,Store D,Offline,3.5
T000401,,,Jennifer Perry,Male,North,Furniture,612.93,11.55,9.0,Debit Card,Store A,Online,1.6
T000402,2024-12-14,C1272,Miguel Soto,Female,south,Grocery,439.32,8.45,1.0,,Store D,Online,
T000403,2024-08-20,C1218,John Collier,Female,North,electronic,90.54,11.25,6.0,Credit Card,,Offline,3.4
T000404,2024-04-22,C1167,Dr. Donald Powers,Male,West,Furniture,997.43,5.45,9.0,Online Payment,Store B,Offline,4.0
T000405,2024-06-21,C1332,Dr. Charles Richards,,East,,945.21,,,Credit Card,Store D,Offline,3.5
T000406,2023-10-08,C1216,,Male,East,Clothing,335.37,13.23,,,Store D,Offline,3.8
T000407,2023-04-17,C1140,William Bennett,Female,South,electronic,280.9,14.37,10.0,Cash,Store A,Online,
T000408,2024-03-27,C1448,Linda Martin,Male,South,electronic,538.68,0.47,7.0,Online Payment,Store A,Online,2.9
T000409,,C1431,Robin Hill,Male,NORTH,ELECTRONIC,423.97,1.37,,Debit Card,Store A,Offline,3.7
T000410,2023-10-04,C1021,Richard Franklin,Male,East,Furniture,871.97,3.48,4.0,Debit Card,Store C,Offline,3.7
T000411,,C1179,Jody Fowler,Female,NORTH,Electronics,484.34,11.17,3.0,Debit Card,Store D,,4.3
T000412,2024-02-24,C1212,Daniel Sims,Female,NORTH,Furnitures,816.4,12.83,4.0,Debit Card,Store B,,4.5
T000413,2023-08-23,C1112,Roger Durham,,West,electronic,,7.3,8.0,Debit Card,Store C,,1.2
T000414,2024-07-14,C1020,Robert Ross III,Female,south,ELECTRONIC,316.2,,8.0,Cash,Store A,Online,
T000415,2023-07-17,C1156,Joseph Wright,Female,South,ELECTRONIC,782.5,6.82,1.0,Cash,Store B,Offline,2.4
T000416,2023-01-15,C1193,Evan Lee,Male,South,Clothing,,5.82,1.0,Cash,Store D,Online,
T000417,2024-07-15,C1087,Zachary Jimenez,Male,East,ELECTRONIC,28.76,2.44,4.0,Debit Card,Store C,Offline,
T000418,2024-11-14,C1109,Christopher Fischer,Female,East,ELECTRONIC,87.76,4.27,2.0,Online Payment,Store A,Offline,1.7
T000419,2024-08-26,C1171,Amanda Obrien,Female,West,ELECTRONIC,943.33,2.62,10.0,Credit Card,Store D,Online,1.3
T000420,2024-07-07,C1408,Claudia Wright,Female,NORTH,Furniture,,,10.0,Cash,Store C,,2.0
T000421,2024-06-10,C1424,,Male,West,Clothing,107.46,8.01,5.0,Cash,,Online,1.8
T000422,2023-07-01,C1304,Lydia Shaw,Male,South,Furniture,115.5,4.99,4.0,Online Payment,Store D,Online,4.0
T000423,2024-07-31,C1089,Nicholas Murphy,Female,south,ELECTRONIC,590.5,6.63,6.0,Online Payment,Store A,Offline,3.5
T000424,2024-01-31,C1282,Lauren Ritter,Male,Est,Furnitures,846.34,13.42,4.0,Cash,Store C,Offline,2.7
T000425,2023-04-23,,Christine Rivas,Male,WST,electronic,64.84,8.69,1.0,Credit Card,Store C,Offline,2.9
T000426,2023-12-03,C1459,Brandon Carter,Male,south,Furnitures,864.68,14.77,1.0,Debit Card,Store A,Offline,
T000427,,C1234,Kathryn Hammond,Male,Est,Furniture,400.21,7.3,8.0,Credit Card,Store A,Online,3.0
,2024-10-16,C1025,Catherine Garcia,Female,WST,electronic,48.62,7.32,8.0,Cash,,Offline,
T000429,2023-01-18,,,Female,,Grocery,809.02,8.39,6.0,Online Payment,Store A,Online,2.1
,2024-10-28,C1088,Michelle Jones,Female,North,Furnitures,940.94,6.55,7.0,Cash,Store B,Online,4.4
T000431,2023-09-29,C1463,Antonio Henry,Male,Est,ELECTRONIC,319.28,9.55,1.0,Cash,Store A,Online,1.0
T000432,2024-11-20,C1395,Julie Davis,Female,south,ELECTRONIC,114.29,6.27,7.0,Online Payment,Store D,Offline,4.6
T000433,2023-10-27,C1179,Jake Rodriguez,Male,,Furnitures,426.34,3.43,8.0,Cash,Store B,Offline,3.6
T000434,2024-10-04,C1114,,Female,,ELECTRONIC,788.19,,8.0,Cash,Store A,Offline,1.6
T000435,2023-01-20,C1387,John Strickland,Male,NORTH,Electronics,742.43,13.96,10.0,Credit Card,Store B,Offline,
T000436,2023-04-16,C1260,Jorge Bell,Male,,Furniture,168.21,,1.0,Online Payment,Store A,,3.2
T000437,2023-10-30,C1427,Tanner Joseph,Male,West,Clothing,778.2,4.33,10.0,Online Payment,Store A,Offline,2.5
T000438,2023-04-08,C1482,Christine Smith,Female,south,Clothing,349.96,14.33,7.0,Credit Card,Store B,,
T000439,2023-12-04,,Emily Crawford,Female,West,Furniture,526.1,7.43,4.0,Credit Card,Store A,Offline,2.4
T000440,2024-05-05,C1062,Mary Bradshaw,Female,South,Furniture,912.34,9.32,8.0,Online Payment,,Offline,1.1
T000441,2024-02-24,C1323,Susan Rosales,Female,North,ELECTRONIC,748.65,,7.0,Credit Card,Store A,Online,2.4
T000442,2024-09-25,C1318,Kristi Jones,Male,North,Grocery,40.98,,6.0,Credit Card,Store D,Online,3.9
T000443,2024-12-04,C1348,Sabrina Phillips,,West,Electronics,687.15,8.87,8.0,Cash,Store C,Offline,3.1
T000444,2023-11-05,C1459,Hannah Oconnor,Female,NORTH,ELECTRONIC,909.02,4.79,9.0,Cash,Store C,Offline,1.2
T000445,2024-05-11,C1029,Sheila Soto,,North,Furniture,28.97,4.01,1.0,Debit Card,Store C,,
T000446,2024-09-18,C1245,Grace Thomas,Female,,Furnitures,602.29,10.26,2.0,Credit Card,Store D,Online,4.5
T000447,2024-04-23,C1342,Paula Austin,Male,Est,Furnitures,806.94,1.0,4.0,Debit Card,Store A,Online,4.7
T000448,2023-06-09,C1037,Charles Harris,,South,Clothing,88.8,8.69,,Online Payment,Store D,Offline,3.4
T000449,,C1406,Jessica Hill,Male,NORTH,ELECTRONIC,150.6,12.36,10.0,Credit Card,Store D,Offline,1.6
,2023-06-22,C1483,Dr. Jose Sullivan,Female,south,,349.5,13.62,9.0,Debit Card,Store D,Offline,2.3
T000451,2024-03-21,C1157,Sarah Zimmerman,Female,Est,Furnitures,538.71,12.77,9.0,Credit Card,Store C,Offline,4.2
T000452,2023-06-01,C1323,James Cooper,Male,WST,Furniture,30.58,,2.0,Online Payment,Store C,Online,3.9
T000453,2023-09-02,,Jeremy Thompson,Male,East,electronic,442.54,10.51,3.0,,Store A,Offline,3.9
T000454,2024-04-01,C1110,Patrick Atkins,Female,south,ELECTRONIC,247.03,10.92,,Debit Card,Store A,Offline,1.1
T000455,2024-08-28,C1172,Levi Hall,,West,,136.3,,9.0,Online Payment,Store D,Offline,2.2
T000456,2023-09-26,,Nicole Stephens,Male,WST,Grocery,158.24,8.74,1.0,Credit Card,,Offline,
T000457,2024-07-26,C1121,Pamela Watson,Female,West,Clothing,318.93,,2.0,Online Payment,Store A,Offline,2.3
T000458,2023-12-14,C1144,Jonathan Hammond,Male,NORTH,electronic,16.5,6.37,,Debit Card,Store D,Offline,2.7
T000459,,C1026,Randall Jackson,Male,south,Furnitures,338.68,5.04,4.0,Online Payment,Store C,Online,2.3
,2023-09-22,C1199,Lindsey Simmons,Female,West,Grocery,642.71,10.77,4.0,Credit Card,,Online,3.6
T000461,2024-03-26,C1111,Michael Hester,Female,south,Furniture,647.79,13.19,3.0,Cash,,Online,4.5
,2023-04-30,C1450,Daniel Ortiz,Female,North,electronic,304.14,12.28,9.0,Cash,,Offline,
T000463,2023-05-29,C1165,Hayley Nelson,Male,Est,Furnitures,174.96,1.77,3.0,Debit Card,Store B,Offline,
T000464,2023-02-21,C1460,Rhonda Rice,Female,North,Furnitures,34.64,8.13,,Online Payment,Store A,Offline,2.5
T000465,2024-07-22,C1078,Katrina Reed,Female,NORTH,Clothing,935.41,0.27,8.0,Debit Card,Store A,Online,4.1
T000466,2023-07-06,C1029,Nichole Zhang,Female,West,Furniture,,5.97,4.0,Online Payment,Store B,Offline,
T000467,2024-11-11,C1180,Christian Thompson,Female,West,electronic,118.51,1.02,4.0,Credit Card,Store A,Online,2.6
T000468,2023-06-17,C1473,Tammy Vincent,Male,South,ELECTRONIC,925.58,,9.0,Cash,Store D,Offline,4.3
T000469,2024-05-21,C1086,John Carroll,Female,East,Electronics,805.35,11.97,5.0,Cash,Store D,Online,1.6
T000470,2023-11-15,C1021,Austin Hill,Male,,Grocery,482.01,2.23,5.0,Credit Card,Store A,Online,2.4
T000471,,C1404,Ronnie Moore,Male,Est,Clothing,265.18,10.33,7.0,Cash,Store D,Online,
T000472,2024-01-05,C1192,Heather Brennan,Male,North,Furniture,296.07,9.81,,,Store A,Offline,4.5
T000473,2024-12-17,C1084,Michael Allen,Female,East,Furniture,454.36,10.59,10.0,,Store C,Offline,4.1
T000474,2024-01-20,C1370,Stacy Davis,Female,NORTH,Furniture,652.01,2.59,3.0,Credit Card,Store D,,1.4
T000475,2024-04-28,C1383,Jennifer Khan,,West,,641.34,,3.0,Credit Card,Store B,Offline,3.1
T000476,2023-07-09,C1380,John Ruiz,Female,NORTH,Grocery,485.73,2.99,8.0,Online Payment,Store C,Online,2.2
T000477,2023-09-11,C1380,,Female,Est,Furniture,530.2,,8.0,Cash,Store D,Offline,1.4
,2024-02-16,C1400,Shannon Travis,Male,south,Grocery,561.13,5.4,10.0,Online Payment,Store C,Offline,4.7
T000479,2024-08-19,C1338,Juan Johnson,Female,south,Furniture,210.34,,,Debit Card,Store A,Online,2.0
,2023-01-13,,Kimberly Brown,Female,North,Furnitures,614.46,,1.0,Cash,Store D,Offline,3.4
T000481,2023-06-22,,Jennifer Morales,Male,West,Furnitures,863.77,,9.0,Credit Card,,Online,1.9
T000482,2024-02-25,C1353,Tanya Tate,Female,Est,Electronics,54.31,,5.0,Credit Card,Store D,Offline,2.0
,2024-04-14,C1046,Amber Foley,Male,Est,Furniture,820.71,9.15,3.0,,Store C,Online,1.7
T000484,2023-09-21,C1114,Christopher Farley,Female,South,Electronics,686.27,,2.0,Credit Card,Store A,Offline,1.1
T000485,2024-09-01,,Morgan Murray,Female,South,Grocery,197.02,3.83,8.0,Online Payment,Store D,Online,2.6
T000486,2024-10-15,C1310,Savannah Carr,Male,East,ELECTRONIC,462.89,,1.0,Cash,Store B,Online,
T000487,2023-09-17,C1064,Ernest Pope,Female,WST,Furniture,497.55,7.28,8.0,Cash,Store C,Online,1.2
T000488,2024-07-02,C1126,Gregory Lopez,Female,south,Grocery,,,10.0,Credit Card,Store A,Offline,
T000489,2023-05-10,C1120,Brent Gonzales,Male,West,Furnitures,315.74,6.25,3.0,Debit Card,Store C,Online,3.4
T000490,2024-11-22,C1433,Trevor Williams,Male,East,Furniture,379.43,14.37,6.0,Online Payment,Store B,Offline,1.7
T000491,2024-04-17,C1208,Evan Williams,Female,East,electronic,881.46,,3.0,Cash,Store A,Offline,
T000492,2024-07-16,C1445,Dr. Matthew Anderson,Female,Est,Electronics,919.87,,6.0,Debit Card,Store D,Online,1.9
T000493,2024-09-17,C1069,Amanda Gillespie,Male,WST,Electronics,505.75,1.79,1.0,Online Payment,Store B,Online,3.8
T000494,2023-12-27,C1385,,Male,WST,Grocery,18.5,3.23,7.0,Online Payment,,Online,4.7
T000495,2023-09-01,C1169,Angela Shaw,Male,NORTH,Furnitures,26.96,12.87,9.0,Debit Card,Store B,Offline,4.1
T000496,2023-03-18,C1052,John Campbell,,East,Furnitures,558.31,,8.0,Cash,Store C,Offline,4.6
T000497,2023-02-18,C1337,Catherine Williams,Male,Est,Electronics,539.43,12.24,2.0,Credit Card,,Online,
T000498,2023-12-18,C1234,,Male,East,Furniture,560.85,,3.0,Debit Card,Store C,Online,2.6
T000499,2023-01-28,C1200,Stephanie Martin,,South,Grocery,,3.19,9.0,Cash,Store A,Offline,1.6
T000500,2023-11-20,C1072,Victoria Wallace,Male,Est,Grocery,396.61,6.83,4.0,Credit Card,Store B,Offline,3.9
T000501,2024-09-04,C1329,Kristen Cruz,Male,,Electronics,746.36,0.06,,Online Payment,Store A,Online,4.5
T000502,2024-02-17,C1107,Timothy Coleman,Male,North,,568.43,3.07,,Credit Card,Store B,Online,4.7
T000503,2023-07-20,C1152,Jason Sherman,Male,NORTH,Grocery,207.04,2.38,1.0,Online Payment,Store C,Offline,2.0
T000504,2024-12-27,,,Male,West,Grocery,506.63,3.74,3.0,Online Payment,Store A,Online,
T000505,2024-02-28,,Daniel Everett,,,Electronics,984.89,,9.0,Online Payment,Store D,Offline,2.0
T000506,2023-10-22,C1441,Henry Hunter,Female,WST,Electronics,950.58,5.21,3.0,Cash,,Online,4.3
T000507,2024-12-20,C1092,Dawn Curry,Male,West,ELECTRONIC,781.92,5.21,1.0,Debit Card,Store A,Offline,
T000508,2024-01-29,C1155,Brian Brennan,Female,North,ELECTRONIC,368.38,,9.0,Credit Card,Store D,Online,1.4
T000509,2024-12-20,C1194,Sally Gonzalez,Female,south,Grocery,420.93,3.74,,Debit Card,Store D,Online,3.4
,2024-06-02,C1134,Julia Williamson,Female,south,Grocery,,9.31,4.0,Cash,Store C,Online,1.5
T000511,2024-09-28,C1404,Tracy Jimenez,Female,North,Furnitures,924.54,,7.0,Online Payment,Store D,Offline,3.3
T000512,2023-04-13,C1170,Megan Moore,Female,East,electronic,673.56,5.0,3.0,Cash,Store B,Online,1.0
T000513,2024-06-27,C1457,Brian Oliver,Male,NORTH,Furniture,183.53,6.69,1.0,Online Payment,,Offline,1.3
T000514,2024-03-14,C1092,Christopher Davis,Female,North,Furniture,694.88,1.18,7.0,Debit Card,,Offline,1.2
,2023-06-21,C1484,David Stewart,Male,Est,Grocery,427.54,4.67,10.0,Debit Card,Store A,Offline,4.0
T000516,2023-06-20,C1183,Belinda Hensley,Male,WST,Electronics,406.31,,6.0,Debit Card,Store B,Offline,1.3
T000517,2023-08-16,C1282,Rebecca Carson,,Est,Clothing,,13.73,10.0,Debit Card,Store C,Online,4.5
T000518,2024-09-18,C1166,Mr. George Sims II,Female,WST,Furniture,179.01,,3.0,Cash,Store A,Offline,3.7
T000519,2023-04-18,C1248,Steven Chan,Male,NORTH,electronic,323.85,,6.0,,Store B,Offline,3.4
T000520,2024-05-27,,Karen Rocha,,NORTH,Clothing,375.24,10.48,4.0,Credit Card,Store C,Offline,1.5
T000521,2024-11-03,C1318,Cole Robinson,Male,East,ELECTRONIC,482.86,5.49,7.0,Credit Card,,Offline,1.5
T000522,2023-03-17,C1193,Harold Douglas,Male,south,ELECTRONIC,324.24,12.74,3.0,Debit Card,Store A,Offline,4.7
T000523,2024-11-20,,Melissa Hodge,Male,NORTH,Electronics,471.79,3.22,,Online Payment,Store D,,3.1
T000524,2023-11-03,,Joseph Stanley,Female,North,ELECTRONIC,842.11,6.81,,Online Payment,,Online,1.2
T000525,2024-04-28,C1417,Robert Smith,Female,South,Furniture,326.18,12.71,9.0,Online Payment,Store B,Offline,1.3
T000526,2024-07-19,,Tonya Dodson,Female,West,Furniture,587.49,8.65,8.0,Online Payment,Store A,Online,1.7
T000527,2023-08-16,C1469,Jacqueline Leon,Male,South,Clothing,120.32,,2.0,Credit Card,Store C,Offline,1.3
,2023-01-31,C1011,,Female,South,Furniture,582.62,14.1,2.0,Debit Card,,Offline,4.0
T000529,2023-02-08,C1089,Jessica Hernandez,Female,south,Furnitures,630.27,1.09,7.0,Credit Card,Store B,Online,4.5
T000530,2024-02-12,C1364,Jennifer Ware,Male,East,Furnitures,196.94,,6.0,Online Payment,Store B,Online,
T000531,2024-05-09,C1033,Caleb Alvarez,Female,,Grocery,163.09,,2.0,Cash,Store A,Online,1.4
T000532,2024-01-11,C1124,Kurt Taylor,Male,Est,Grocery,217.68,4.69,1.0,Cash,Store A,Online,1.8
T000533,2023-12-04,C1151,Michael Sampson,Male,NORTH,electronic,374.12,,5.0,Credit Card,Store B,Online,1.8
,2023-08-01,C1259,Jesse Smith,Male,,electronic,,11.72,8.0,Online Payment,Store A,Offline,2.3
T000535,2024-12-09,,Jared Smith,Male,south,Grocery,830.95,9.16,10.0,Credit Card,Store B,Offline,1.3
T000536,2023-01-09,C1395,Candice Parker DDS,Male,,Furnitures,,11.82,,Debit Card,Store D,Online,1.5
T000537,2024-05-22,C1271,Lindsey Jones,Female,south,Clothing,400.87,14.06,5.0,Credit Card,Store A,Offline,2.8
T000538,2023-06-26,C1365,Yolanda Stewart,Female,WST,Furnitures,949.6,,4.0,Credit Card,Store B,Online,3.0
T000539,2024-01-07,C1012,Kelli Moore,Female,South,Clothing,692.25,1.86,7.0,Credit Card,Store B,Offline,1.3
T000540,2023-03-19,C1068,Kristen Barnes,Male,West,Electronics,976.19,7.02,9.0,Debit Card,Store D,Offline,3.9
T000541,2023-12-21,C1221,Tammy Bennett,Female,NORTH,ELECTRONIC,,5.48,7.0,,Store D,Offline,2.4
T000542,2023-08-12,C1155,James Maldonado,Female,WST,Furnitures,476.54,,7.0,Debit Card,Store D,Online,3.9
T000543,2023-08-02,C1325,Kayla May,Female,WST,Electronics,399.55,,6.0,Debit Card,Store D,Online,
T000544,2024-12-26,C1049,Adam Barry,Female,East,Grocery,421.54,6.34,5.0,Online Payment,Store A,Online,4.3
T000545,2024-06-05,,Daniel Williams,Male,,electronic,855.53,,9.0,Online Payment,Store D,Offline,4.8
T000546,2024-01-05,C1189,,Male,south,Grocery,,13.25,1.0,Debit Card,Store B,Online,
T000547,2024-05-13,C1316,Cassandra Fields,Female,North,Furnitures,195.77,9.79,9.0,Credit Card,Store B,Online,4.4
T000548,2024-06-07,C1401,Larry Valencia,Male,East,Clothing,,13.47,7.0,Debit Card,Store C,Online,4.6
T000549,,C1490,Zachary Mann,Male,North,,99.63,6.22,9.0,Credit Card,Store A,,
,2024-04-14,C1207,Bryan Shaw,Female,NORTH,ELECTRONIC,525.33,,5.0,Online Payment,Store B,Offline,2.2
T000551,2024-09-05,C1342,Elizabeth Swanson,Female,East,Electronics,521.64,11.92,8.0,Credit Card,Store B,Offline,4.5
T000552,2023-06-26,C1083,Kimberly Alexander,Male,West,Clothing,331.13,8.02,8.0,Debit Card,Store C,Offline,
T000553,2024-09-05,C1463,Andrew Sanchez,Male,,Furnitures,221.64,,2.0,Online Payment,Store B,Online,4.5
T000554,2023-05-31,C1282,Cynthia Ewing,,West,ELECTRONIC,151.81,3.79,6.0,Online Payment,Store B,Online,1.3
T000555,2023-10-26,C1488,Crystal Franklin,Female,West,Clothing,628.37,3.32,10.0,Online Payment,Store A,Online,3.2
T000556,2023-12-09,C1075,Crystal Jones,Male,NORTH,,884.79,,8.0,Credit Card,Store C,Online,4.1
T000557,2023-01-21,,,Female,West,Furnitures,634.95,8.57,4.0,Cash,Store D,Online,
T000558,2024-11-29,C1185,Amanda Hamilton,Female,West,Furnitures,247.97,5.78,1.0,Credit Card,Store C,Offline,3.0
T000559,2023-10-31,C1246,Louis Bernard,Female,West,Furnitures,565.87,,,Cash,Store A,Offline,2.7
T000560,2023-04-01,,Christian Barajas,Male,West,ELECTRONIC,482.66,2.53,7.0,Cash,Store B,Online,2.7
T000561,2023-06-19,C1365,Evelyn Rivera,Male,south,Grocery,119.3,6.76,10.0,,Store A,Offline,4.0
T000562,2024-04-07,C1095,Diana Hines,Male,NORTH,Furniture,247.87,,6.0,Cash,Store A,Online,1.3
T000563,2023-02-09,C1288,Terrence Thompson,Female,WST,ELECTRONIC,49.16,,10.0,Debit Card,Store D,Offline,4.0
T000564,2024-07-05,C1345,Carol Kramer,Male,East,Furniture,297.57,7.47,7.0,,Store C,Offline,3.6
T000565,2023-08-20,C1405,Amy Mitchell,Female,Est,Clothing,539.22,,1.0,Debit Card,Store A,Offline,4.1
T000566,2024-06-27,C1100,Sarah Wilson,Female,North,,237.36,8.81,3.0,Debit Card,Store C,Online,3.8
T000567,2024-03-20,C1365,John Carey,Female,,Furniture,41.29,,1.0,Cash,Store D,,4.0
T000568,2024-06-28,C1054,Eric Gaines,Female,North,,253.09,1.68,3.0,Online Payment,Store C,Online,2.1
,2023-05-25,C1419,Stephanie Kelley,Female,North,Furnitures,876.42,8.12,1.0,Cash,Store C,Offline,3.3
T000570,2024-06-03,C1268,Ashley Sparks,Male,NORTH,electronic,929.08,,1.0,,Store C,,1.9
T000571,2024-07-23,C1311,David Crawford,Male,NORTH,Furnitures,333.56,13.07,2.0,Credit Card,Store D,,2.9
T000572,2023-04-10,C1413,Linda Martinez MD,Female,Est,Grocery,922.06,13.06,4.0,Online Payment,Store B,Online,3.1
T000573,2023-08-24,C1411,Keith Anthony,Male,North,Electronics,983.02,2.56,,Debit Card,Store B,,4.1
T000574,2023-04-03,C1478,,Male,,Clothing,369.31,0.02,8.0,Cash,Store D,,
T000575,2024-12-14,C1418,Anna Baker,Male,WST,Furniture,517.05,8.96,7.0,Credit Card,Store B,Offline,
,2023-05-15,C1323,Michael Mason,Male,NORTH,Electronics,267.94,,10.0,Cash,Store A,Online,
T000577,2024-07-06,C1199,Jennifer Hale,Male,WST,Grocery,279.82,5.76,,Online Payment,Store C,Offline,
T000578,2024-07-26,C1150,Eddie Gonzales,Female,North,Furniture,548.24,11.16,4.0,Online Payment,Store B,Offline,
T000579,2023-11-29,C1421,Brooke Castro,Female,West,Furniture,835.06,10.11,8.0,,Store D,Online,2.0
T000580,,C1122,Andrew Perry,Male,South,Furnitures,173.62,9.12,4.0,,,Online,2.6
T000581,2024-03-06,C1227,Randy Smith,Male,West,Furniture,923.36,7.51,3.0,Cash,Store C,Online,1.6
T000582,2024-05-30,C1115,Heather Davis,Male,south,ELECTRONIC,248.49,14.16,,Debit Card,Store B,Online,4.2
T000583,2023-07-13,C1117,William Ferguson,Male,Est,Grocery,194.1,,5.0,Credit Card,Store A,Offline,1.6
T000584,2024-04-06,C1077,Dr. Patricia Conner,Female,,Grocery,760.13,10.4,7.0,Cash,Store C,Online,1.1
T000585,2024-05-05,C1128,Rachel Mcdonald,Female,WST,Grocery,,3.31,,Credit Card,Store C,Offline,3.0
T000586,2024-12-27,C1448,Cindy Bradley,Female,South,Furniture,168.26,,6.0,Online Payment,,Offline,4.4
T000587,2023-11-30,C1330,Joshua Allen,,North,Furnitures,166.92,1.75,,Credit Card,Store B,Online,3.7
T000588,2023-10-01,C1211,Brent Payne,Male,NORTH,ELECTRONIC,348.57,8.33,7.0,Credit Card,Store D,Online,3.4
T000589,2023-11-18,C1500,Julia Newton,Female,,electronic,848.28,9.99,7.0,Cash,Store C,Online,
T000590,2023-09-03,C1188,,Male,North,,,4.1,3.0,Debit Card,Store D,Online,2.4
T000591,,,Charles Ellison,Female,North,Grocery,323.84,4.59,10.0,Debit Card,Store A,Online,1.1
T000592,2024-03-31,C1067,Kelly May,Male,North,Furnitures,687.96,6.98,9.0,Credit Card,Store B,Online,2.1
T000593,2023-01-16,C1198,Dennis Cook,Female,South,Furniture,751.37,11.32,7.0,Credit Card,Store A,Offline,2.6
T000594,2023-04-25,C1350,Diana Morrison,Female,South,Clothing,28.19,3.81,8.0,Cash,Store D,Online,3.6
T000595,,C1048,Luis Mcdaniel,Female,,Furnitures,155.04,,2.0,Online Payment,Store B,Offline,2.4
T000596,2024-03-18,C1030,George Mills,Female,south,Clothing,661.89,11.54,10.0,Debit Card,Store D,Online,2.2
T000597,2024-11-19,C1393,Michelle Spence,,south,Grocery,878.51,13.51,8.0,Cash,Store A,Offline,3.1
,2023-11-16,C1489,James Griffin,Female,North,ELECTRONIC,492.21,2.79,1.0,Online Payment,Store B,Online,3.9
T000599,2024-12-15,C1009,Stephanie Guzman,Male,West,Clothing,,,6.0,Credit Card,Store A,,
T000600,2023-12-16,C1082,Jeffery Cruz,Female,South,Furniture,499.63,3.13,5.0,Credit Card,Store D,Online,2.5
T000601,2023-02-06,C1334,Veronica Cole,Male,East,Furniture,592.42,,9.0,Online Payment,Store C,Offline,3.5
,2023-08-07,,Elizabeth Pace,Female,West,Furniture,653.62,8.3,2.0,Cash,Store C,Online,1.3
T000603,2024-11-16,C1388,Andrew Raymond,Female,,Grocery,695.1,11.2,1.0,Debit Card,Store A,Offline,
T000604,2024-07-02,C1174,Aaron Scott,Male,,Furnitures,191.72,,10.0,Cash,Store B,Online,3.4
T000605,2023-02-03,C1115,Mrs. Nicole Norton,Female,WST,Clothing,786.28,,6.0,Debit Card,Store C,,2.2
,2023-05-19,,Jessica Cook,Female,North,Furniture,664.54,8.04,4.0,Cash,Store A,Online,4.8
T000607,,C1261,Paul Weaver,Male,WST,Grocery,296.18,2.09,10.0,Cash,Store B,Online,1.2
,2024-11-07,C1262,Ricardo Jones,Male,South,Grocery,285.92,,8.0,Debit Card,Store A,Online,5.0
T000609,2023-07-15,C1148,Michael Boyle,Female,South,Furnitures,729.77,9.09,6.0,Debit Card,Store D,Offline,4.6
T000610,2024-10-25,,Curtis Woods,,North,Clothing,,0.14,6.0,Cash,Store A,Online,3.9
T000611,2023-09-28,C1025,Shane Walker,Male,NORTH,Grocery,,,6.0,Online Payment,Store C,Offline,2.1
T000612,2024-10-07,C1096,Timothy Barton,Female,south,Furniture,289.83,10.03,3.0,Online Payment,Store A,Online,3.1
T000613,2023-11-29,C1098,Kenneth Thornton,Male,East,electronic,81.32,,,Debit Card,Store C,Online,4.4
T000614,2023-02-18,C1336,Rebecca Martinez,Female,NORTH,Grocery,24.09,,7.0,Debit Card,Store C,Offline,4.7
T000615,2024-03-12,C1271,,Female,South,ELECTRONIC,16.97,10.4,10.0,Cash,Store C,Online,2.2
T000616,2023-04-24,C1039,Melissa Dickerson,Male,WST,,107.32,4.23,5.0,,Store C,Online,3.8
T000617,2023-03-11,C1171,Martha Hernandez,Male,Est,Furniture,942.41,5.47,,Debit Card,Store D,Offline,3.3
T000618,2024-09-01,C1324,Cynthia Brennan DDS,Male,South,,554.57,12.71,5.0,Online Payment,Store C,Offline,2.4
T000619,2024-09-23,C1149,Larry Whitaker,Male,West,Grocery,651.45,13.97,9.0,Online Payment,Store A,Offline,4.5
T000620,2024-11-09,C1416,Cynthia Sherman,Male,NORTH,ELECTRONIC,,7.04,1.0,Online Payment,Store B,Offline,3.6
T000621,2023-11-26,C1233,Caroline Love,Female,Est,Furnitures,319.37,,3.0,Online Payment,Store C,Offline,3.9
T000622,2023-06-24,C1014,Thomas Summers,Female,south,ELECTRONIC,334.47,7.76,9.0,Cash,Store D,Offline,
T000623,2023-09-24,C1116,,Female,Est,electronic,406.53,3.9,10.0,Online Payment,Store A,Offline,3.2
T000624,2023-10-13,C1049,Nancy Waller,Female,NORTH,,754.92,1.39,8.0,Debit Card,Store B,,1.8
T000625,2023-02-03,C1498,Angela Davis,Female,East,Furnitures,573.7,8.57,7.0,Cash,Store B,,2.7
T000626,2023-08-08,C1160,Stephen Townsend,Female,West,ELECTRONIC,114.13,10.7,3.0,Credit Card,Store C,,
T000627,2024-07-08,C1326,Angelica Wilson,Male,North,Grocery,563.03,8.23,,Credit Card,Store C,Offline,4.2
T000628,2024-06-04,C1311,Jennifer Soto,Male,South,Clothing,728.23,9.26,4.0,Online Payment,Store D,Online,2.9
T000629,2024-06-28,C1400,Jerry Tucker,Male,North,Electronics,430.74,14.78,5.0,Credit Card,Store C,Offline,1.4
T000630,2023-09-03,C1396,Heather Roberson,Male,NORTH,Electronics,758.89,5.48,7.0,Credit Card,Store C,Offline,3.7
T000631,,C1172,Juan Finley,Female,WST,Electronics,587.68,0.47,9.0,Online Payment,Store C,Offline,4.7
T000632,2023-10-06,C1026,Amanda Gordon,Male,West,Electronics,142.86,5.93,3.0,Credit Card,,Online,
T000633,2024-01-02,C1015,Arthur Hayes,Female,North,Grocery,400.8,,3.0,Credit Card,Store C,,4.8
T000634,2024-02-11,C1138,Zachary Cuevas,Female,West,Electronics,731.83,6.52,,Online Payment,Store B,Offline,4.6
T000635,2023-06-09,C1369,Zachary Martin,Female,south,Electronics,105.43,,,Credit Card,Store C,Online,2.1
T000636,2024-09-30,C1448,Christina Mclean,Male,West,Grocery,75.75,,4.0,Cash,Store D,Offline,
T000637,2024-11-01,C1337,Timothy Smith,Male,North,Grocery,144.11,6.6,3.0,Online Payment,Store A,Offline,1.6
T000638,2023-11-01,C1037,David Jackson,Male,WST,Electronics,204.61,,3.0,Cash,Store A,Offline,4.0
T000639,,C1095,Dawn Thompson,,North,Clothing,91.3,2.92,5.0,Credit Card,Store A,Online,
T000640,2024-03-07,C1014,Nicole Olsen,Female,East,electronic,786.09,11.89,2.0,Cash,Store D,Online,1.8
T000641,2024-07-31,C1362,Michelle Riley,Female,WST,Grocery,949.46,5.02,9.0,Debit Card,,Online,4.3
T000642,2024-12-17,C1229,Cindy Williams,Male,North,Electronics,798.58,8.97,7.0,Debit Card,Store D,Offline,4.4
T000643,2024-07-23,C1048,Lindsey Alvarez,,,Clothing,,,2.0,Online Payment,Store C,Offline,2.1
T000644,2023-09-29,C1095,David Wall,Female,WST,Furnitures,715.56,,2.0,Cash,Store B,Online,3.3
T000645,2024-03-21,C1202,Thomas Bass,Female,West,Clothing,151.46,,2.0,Cash,Store D,Online,4.5
T000646,2024-05-03,C1161,Kelli Lynch,Male,WST,Clothing,816.42,13.54,3.0,Credit Card,,Online,
T000647,2024-02-21,C1170,Kimberly Hardy,Female,East,Furniture,818.36,2.77,6.0,Credit Card,Store D,Offline,1.4
,2023-11-04,,Dalton Farmer,Male,Est,Electronics,885.56,9.56,6.0,Debit Card,Store B,Offline,
T000649,2024-03-11,,Miss Christina Cummings,Male,NORTH,ELECTRONIC,843.41,4.09,7.0,,Store B,Offline,2.1
T000650,2024-08-25,,Bobby Henderson,Male,Est,Electronics,229.38,,1.0,Debit Card,Store B,Online,2.8
T000651,2024-01-04,C1304,,Male,NORTH,Grocery,341.14,,6.0,Credit Card,Store C,Online,
T000652,2023-07-22,C1138,Mr. William Adams,Male,East,Furnitures,706.67,0.79,3.0,Cash,Store B,Online,2.0
T000653,2024-09-04,C1452,Patrick Crane,Female,WST,Electronics,219.26,,7.0,Online Payment,Store C,Offline,4.4
T000654,2023-11-07,C1091,Ian Kim,Male,south,electronic,833.23,3.92,2.0,Credit Card,Store A,Online,4.7
T000655,2024-01-04,C1013,Gina Cooper,Female,West,Electronics,938.87,7.67,2.0,Cash,Store C,Offline,1.7
T000656,2024-07-19,C1242,Travis King,Male,South,Furniture,650.51,5.56,5.0,Cash,Store D,Online,1.1
,2023-05-11,C1098,Mrs. Sarah Cruz,Female,West,Clothing,890.41,7.5,10.0,Cash,Store C,Offline,4.7
T000658,2023-03-29,C1290,Jane Stewart,Male,East,Grocery,,10.47,2.0,Debit Card,Store C,Offline,3.2
,,C1252,Denise Baldwin,Male,WST,Clothing,817.93,,5.0,Debit Card,Store B,Online,3.3
T000660,2024-04-16,C1392,,Female,East,electronic,685.51,13.53,3.0,Online Payment,Store B,Online,4.0
,2023-05-31,C1463,Luis Evans,Male,WST,Furniture,,,8.0,Online Payment,,Online,3.8
T000662,,C1378,Haley Davenport,Male,NORTH,Grocery,367.47,8.54,2.0,Cash,Store A,Offline,1.7
T000663,2023-07-15,C1237,Derek Hernandez,Male,North,Clothing,117.4,7.79,2.0,Credit Card,Store D,Online,
T000664,2023-12-21,C1009,,Male,NORTH,Furnitures,947.48,11.21,,Debit Card,Store B,Offline,1.4
T000665,2024-04-26,C1461,Steven Hodge,Female,North,Clothing,571.55,13.79,6.0,Online Payment,,Offline,4.0
T000666,2023-11-23,C1214,Julie Schwartz,Male,,Electronics,709.1,9.5,10.0,Online Payment,Store D,Offline,1.4
T000667,2023-01-22,C1351,Kayla Harvey,Male,WST,Clothing,357.09,4.63,7.0,Debit Card,,Offline,3.7
T000668,2023-04-16,C1327,Kathy Ramirez,,East,Furniture,241.29,13.44,2.0,Debit Card,Store A,Offline,3.8
T000669,2023-03-01,C1166,Terry Smith,Female,,Grocery,216.88,10.69,7.0,Debit Card,Store A,Offline,2.7
T000670,2024-06-27,C1247,,Female,Est,ELECTRONIC,117.56,3.41,10.0,Debit Card,Store C,Online,1.2
T000671,2023-01-09,C1094,Ryan Williams,Female,,Furniture,911.57,7.94,6.0,,Store B,Online,4.2
,2023-06-05,C1286,Robin Phillips,Male,Est,electronic,583.78,,1.0,Credit Card,Store D,Online,3.1
T000673,2023-09-06,C1174,David Schroeder,Male,WST,Clothing,472.68,,9.0,Credit Card,Store B,Offline,3.8
T000674,2023-05-08,C1005,Steven Jackson,Male,WST,Electronics,32.56,2.56,3.0,Credit Card,Store D,Online,2.7
T000675,2023-02-19,C1234,Ashlee Little,Female,NORTH,,202.85,,1.0,Debit Card,Store D,Offline,2.7
T000676,2024-09-06,C1158,Erik Maldonado,Male,East,Clothing,812.09,6.73,3.0,Debit Card,Store B,Offline,2.7
T000677,2023-10-15,,Lauren Hamilton,Female,WST,Electronics,761.93,,2.0,Online Payment,Store A,Online,3.4
T000678,2024-01-09,C1362,Leslie Robertson,Female,North,Grocery,40.66,10.89,5.0,Debit Card,Store D,Offline,4.3
T000679,2023-02-10,C1332,James Lester,Female,East,Electronics,517.83,2.61,7.0,Cash,Store D,Online,3.8
T000680,,C1294,Marvin Harris,Female,,ELECTRONIC,395.47,2.16,4.0,Cash,Store B,Offline,3.7
T000681,2024-10-13,C1361,Nicholas Buchanan,Male,WST,Electronics,845.58,12.79,7.0,,Store B,Offline,4.6
T000682,2024-04-05,C1471,Brent Rivera,Female,south,Furniture,242.74,,3.0,Debit Card,Store C,Offline,2.3
T000683,2023-12-18,C1017,Jason Miles,Female,West,Furnitures,653.42,12.91,3.0,Cash,Store C,Offline,4.0
T000684,2023-05-12,,,Male,Est,ELECTRONIC,498.15,0.84,7.0,Online Payment,Store C,Online,2.5
T000685,2024-04-25,C1054,Richard York,Male,South,ELECTRONIC,,,2.0,Online Payment,Store B,,2.1
T000686,2023-11-28,C1284,Kara Cardenas,Male,South,Electronics,111.58,4.73,8.0,Online Payment,Store A,Online,4.5
T000687,2024-05-27,C1039,Tracy Boyd,Female,Est,Furniture,655.79,,7.0,Credit Card,Store D,Online,4.4
T000688,2023-12-27,C1309,Shaun Lewis,Male,East,Furniture,76.65,,1.0,Cash,Store B,Online,2.0
T000689,2024-09-20,C1156,Derrick Graham,Female,south,Grocery,560.42,7.15,2.0,Online Payment,,Online,1.3
T000690,2024-03-15,C1417,Julia Williams,Female,south,ELECTRONIC,574.13,12.55,8.0,Cash,Store D,Online,3.7
T000691,,C1233,Christine Bullock,Female,WST,Electronics,26.7,3.98,9.0,Debit Card,Store A,Online,1.0
T000692,2024-03-21,C1080,Bobby Lewis,Female,,Clothing,401.3,8.8,1.0,,Store B,Online,4.2
T000693,2024-08-24,C1235,Katherine Andrews,Male,south,electronic,350.64,10.38,10.0,Debit Card,Store A,Online,3.6
T000694,2024-08-07,C1484,Rebecca Singh,Male,south,Grocery,994.73,11.66,8.0,,Store A,Online,4.3
T000695,,C1092,John Johnson,,South,Grocery,776.48,7.58,2.0,Debit Card,Store B,Online,3.7
T000696,2023-02-10,C1058,,Female,South,Clothing,468.59,3.63,6.0,Online Payment,Store C,Online,2.4
T000697,2024-09-26,C1201,,Male,south,electronic,818.97,8.68,5.0,Online Payment,Store C,Online,3.6
T000698,2023-01-20,C1308,,Male,south,ELECTRONIC,615.87,11.38,3.0,Online Payment,Store C,Offline,2.1
T000699,2024-09-12,C1440,Jessica Santos,Male,West,Electronics,909.58,14.28,1.0,Debit Card,Store C,,4.7
T000700,2023-04-24,,Allison Anderson,Female,North,Electronics,623.72,,1.0,Cash,Store B,Offline,3.4
T000701,2023-07-23,C1384,Mary Baker,Female,North,Clothing,372.49,5.92,10.0,,Store A,Online,2.6
T000702,2023-07-18,,Victoria Webster,Female,South,Electronics,987.54,3.65,6.0,Online Payment,Store D,Offline,1.8
T000703,2023-04-01,C1297,Gregory Hines,Female,South,Clothing,,,7.0,,Store C,Online,
,2023-10-25,C1048,Gary Medina,Male,Est,electronic,,5.77,2.0,Debit Card,Store C,Online,3.0
T000705,2023-07-02,C1451,Michael Perez,Female,,Electronics,642.94,14.82,10.0,Debit Card,Store C,Offline,4.3
,2024-03-27,C1498,Riley Moreno,Male,,,580.84,,8.0,Online Payment,Store A,Offline,2.4
T000707,2023-03-01,C1464,Kimberly Miller,Male,East,Clothing,694.09,1.26,7.0,Online Payment,Store B,Online,
T000708,2024-09-10,C1482,Samuel Davidson,Male,East,ELECTRONIC,,7.36,1.0,Credit Card,Store B,Offline,2.6
T000709,2023-10-24,C1456,Tyler Malone,Male,West,Furniture,493.8,,10.0,Online Payment,Store A,Online,4.6
T000710,2023-06-26,C1283,Courtney Delacruz,Female,North,Clothing,,2.18,9.0,Cash,Store A,Online,
T000711,2024-05-19,C1106,Sharon Sanchez,Female,south,Electronics,,8.51,9.0,Credit Card,Store A,Offline,4.3
T000712,2024-09-21,,Paul Henderson,Male,East,Grocery,376.07,,2.0,,Store A,Online,3.7
T000713,2024-01-04,C1342,Nathan Mckee,Female,south,,189.2,5.9,2.0,Cash,Store B,Online,2.5
T000714,2024-01-14,C1424,Mr. William Davis,Male,,Furniture,858.45,13.52,7.0,Cash,Store A,Online,3.2
T000715,2024-09-25,C1079,Mark Pruitt,,NORTH,Clothing,79.1,,3.0,Online Payment,Store A,Offline,
T000716,2023-08-30,C1452,Madison Jensen,Male,NORTH,electronic,113.26,6.49,5.0,Credit Card,Store C,Online,
T000717,2023-09-08,C1198,James Estrada,Female,south,Furnitures,301.26,8.84,6.0,,Store D,Online,3.1
T000718,2024-08-22,C1084,Amy Jones,Female,North,Grocery,729.12,,7.0,Credit Card,Store D,Offline,4.9
T000719,2023-08-25,C1362,Joe King,Male,South,Clothing,995.2,8.39,6.0,Credit Card,,Online,
T000720,2024-10-21,,William Allen,,Est,ELECTRONIC,,7.57,7.0,Online Payment,Store B,Online,
T000721,2024-04-25,C1346,Ralph Glenn,Female,WST,electronic,298.33,7.68,1.0,Online Payment,Store C,Online,1.7
,2023-03-19,,Leslie Mccullough,Male,Est,Grocery,850.12,,7.0,Credit Card,Store A,Offline,1.8
T000723,2024-10-30,,Katie Wood,Female,south,Grocery,464.15,11.37,,Debit Card,Store C,,1.9
T000724,2023-06-06,,James Arias,Male,East,electronic,381.59,,7.0,Credit Card,Store D,Online,2.2
T000725,,C1129,Richard Alexander,Male,East,Grocery,402.29,,7.0,Cash,Store D,Offline,1.2
T000726,2024-04-05,C1484,Amanda Franklin,Female,North,electronic,423.05,9.73,6.0,Credit Card,Store B,Online,3.6
T000727,2024-01-20,,,Male,North,Grocery,491.41,12.76,4.0,Online Payment,Store A,,2.5
T000728,2024-05-15,C1312,Ellen Harris,Male,South,Furnitures,588.08,8.83,8.0,Debit Card,Store D,Online,4.6
T000729,2023-05-25,C1345,James White,Female,Est,Grocery,452.43,10.45,1.0,Cash,Store A,Online,2.7
T000730,2024-07-12,,Timothy Wong,Male,south,Furnitures,599.83,14.08,,,Store A,Offline,3.9
T000731,2023-02-18,C1444,Jamie Perez,Female,North,Grocery,224.6,10.68,9.0,Online Payment,Store D,Online,
T000732,2024-12-02,C1280,Jason Henry,Male,East,Furnitures,776.66,8.42,8.0,Cash,Store B,Online,4.0
T000733,2024-11-09,C1196,Mark Moody,Female,south,Electronics,158.78,6.2,10.0,Online Payment,Store B,Offline,4.6
T000734,2023-07-02,C1275,Nicholas Hoffman,Male,WST,ELECTRONIC,274.55,5.61,8.0,,Store C,Offline,4.5
T000735,2024-05-03,C1248,Donald Ellis,Female,Est,ELECTRONIC,,7.3,4.0,Debit Card,Store D,Offline,4.9
T000736,2024-06-23,C1327,Erin Russell,Female,Est,electronic,580.04,,7.0,Cash,,Online,
T000737,2024-03-30,C1304,Janice Grant,Female,WST,electronic,387.93,,,Cash,Store B,Offline,4.4
T000738,2023-04-28,C1058,Brett Jenkins,Male,West,electronic,974.63,,5.0,Online Payment,Store D,Offline,1.3
T000739,2024-05-25,C1158,Keith Barker,Male,North,Furnitures,440.29,8.67,7.0,Credit Card,Store D,Online,3.4
T000740,2024-08-20,C1071,John Erickson,Female,WST,Grocery,678.81,8.59,9.0,Debit Card,Store B,Offline,2.4
T000741,2024-05-10,C1243,Cynthia Taylor,Male,WST,Clothing,580.43,8.11,9.0,Credit Card,,Online,2.6
T000742,2024-12-27,C1497,Tasha Hall,Male,NORTH,Grocery,91.06,,8.0,Cash,Store B,Online,3.8
T000743,2024-01-28,,Joshua Johnson,Female,south,electronic,192.45,12.54,7.0,,Store D,Offline,2.0
T000744,2024-07-15,C1061,Mr. Douglas Bryant,Male,West,electronic,624.06,11.03,3.0,Credit Card,Store B,Online,1.7
T000745,2023-06-28,C1472,Sara Mckee,,Est,electronic,981.85,4.03,3.0,Debit Card,Store D,Online,4.7
T000746,2024-09-27,C1344,James Shaw,,,Clothing,983.97,8.92,2.0,Online Payment,Store D,Online,1.5
T000747,2024-08-11,,William Vang,Male,Est,Electronics,474.4,13.07,8.0,Credit Card,Store D,Online,
T000748,2024-05-24,C1144,Richard Liu,Male,,Furnitures,698.41,,4.0,Online Payment,Store D,Online,5.0
T000749,2024-05-13,C1413,Daniel Collins,Female,,Electronics,738.34,8.13,4.0,Debit Card,Store B,Online,4.8
T000750,2023-09-30,C1354,Zoe Luna,Male,south,Furniture,84.49,1.98,3.0,Credit Card,Store B,Online,
,2023-05-14,C1162,Michael Franklin,Male,East,Grocery,237.23,4.31,6.0,Cash,Store B,Online,
T000752,2023-03-29,C1262,Alyssa Weeks,Male,south,ELECTRONIC,882.22,,5.0,Credit Card,Store C,Offline,3.2
T000753,2024-03-21,C1055,Juan Davis,Male,West,Electronics,972.93,8.12,4.0,Online Payment,Store C,Online,3.2
T000754,2023-11-29,C1100,Madison Thomas,Male,south,Electronics,282.78,,4.0,Online Payment,Store B,,2.1
T000755,2023-03-04,C1332,Kurt Thomas,Male,West,Clothing,398.79,12.83,1.0,Cash,Store C,Offline,3.2
T000756,2023-07-17,C1294,Robin Miller,Male,Est,ELECTRONIC,341.44,,10.0,Cash,Store B,Online,
T000757,2024-12-04,C1340,Charlene Bullock,Female,East,Electronics,360.17,3.51,6.0,Credit Card,Store B,Online,4.1
T000758,2024-06-02,C1363,,Female,East,ELECTRONIC,549.79,12.65,10.0,Credit Card,Store C,,1.8
T000759,2023-10-02,C1254,Brian King,Female,South,Furnitures,887.85,8.38,10.0,Online Payment,Store B,Online,4.8
T000760,2023-04-27,C1109,Sarah Patel,Female,WST,electronic,487.7,7.5,7.0,Debit Card,Store A,Online,3.8
T000761,2024-04-24,C1020,Lisa Phelps,Male,South,Electronics,759.44,14.6,10.0,Debit Card,Store D,Online,1.2
T000762,2024-04-23,C1048,Mary Day,Female,Est,Furnitures,781.39,11.23,2.0,Credit Card,Store A,,4.7
T000763,2024-04-23,C1421,Cynthia Williams,Female,south,Grocery,533.96,9.39,4.0,Online Payment,Store A,Online,4.3
T000764,2023-04-17,C1215,Samantha Ward,Male,south,Electronics,,,5.0,Online Payment,Store C,Offline,4.4
T000765,2024-02-01,C1108,Courtney Villegas,Male,West,Clothing,279.39,13.84,3.0,Cash,Store B,Online,1.6
T000766,2023-03-28,C1303,Melissa Jackson,Female,WST,,402.33,,4.0,Online Payment,Store A,Offline,1.1
T000767,2024-01-18,C1183,Rose Mason,Male,North,Furnitures,361.24,4.78,,Credit Card,Store A,Online,4.0
T000768,,C1019,David Williams,Female,East,ELECTRONIC,30.32,10.33,1.0,Online Payment,Store C,Online,4.9
T000769,2024-07-03,C1014,Jacob Johnston,Female,south,Electronics,763.03,0.64,1.0,Credit Card,Store B,Offline,2.2
,2023-09-01,C1039,Anna Thomas,Male,East,electronic,108.92,,6.0,Credit Card,Store B,Online,2.0
T000771,,C1474,Michael Short,Male,South,electronic,557.34,1.86,8.0,Cash,Store A,Offline,2.0
T000772,2023-06-28,C1396,Victoria Taylor,Female,South,electronic,287.49,1.35,,Online Payment,Store D,Offline,3.9
T000773,2023-03-10,C1311,Jacob Parker,Female,South,Grocery,557.41,,4.0,Debit Card,Store B,,3.9
T000774,2023-12-27,C1120,Ashley Stephens,Female,West,Clothing,740.96,8.49,,Credit Card,Store D,Offline,
T000775,2023-11-21,C1138,John Mills,Male,Est,Furniture,454.92,3.33,6.0,Online Payment,Store C,Online,4.5
T000776,2024-02-12,C1012,Emily Hansen,Female,,Clothing,296.11,8.85,1.0,,Store B,Offline,2.2
T000777,2023-09-12,C1283,Heidi Hudson,Female,South,Clothing,760.73,,10.0,Credit Card,Store D,,1.9
T000778,2023-06-25,C1103,Donald Smith,Male,North,Furniture,313.38,0.11,1.0,Cash,Store D,Online,2.9
T000779,2023-10-30,C1356,Rachael Booker,,South,Clothing,454.52,6.16,1.0,Debit Card,Store A,Offline,2.2
T000780,2024-10-20,C1238,Derrick Miller,,,Clothing,718.38,5.64,1.0,Credit Card,Store A,Online,3.7
T000781,2023-12-30,C1360,Patrick Alexander,Female,East,ELECTRONIC,462.4,5.62,10.0,Cash,,Offline,3.3
T000782,2024-05-19,C1047,Anthony Collins,Female,East,Furniture,755.68,9.26,,Cash,Store A,Online,2.7
T000783,2024-04-15,C1230,Joshua Smith,Male,South,Grocery,861.1,,3.0,Credit Card,Store A,Online,4.3
,2024-09-01,C1316,Miguel Brewer,Female,North,electronic,216.99,2.97,,Online Payment,,Offline,
T000785,2023-01-28,C1240,Nichole Hall,Male,South,electronic,354.85,14.96,,Cash,Store B,Offline,1.9
T000786,2023-02-01,C1261,Amanda Reed,Male,West,Clothing,827.51,5.96,6.0,Debit Card,Store B,Offline,3.9
T000787,2023-11-14,C1168,,,Est,,551.58,14.44,,Debit Card,Store D,Online,2.0
,,C1029,Margaret Smith,Male,East,Furniture,233.7,11.03,5.0,Debit Card,Store A,Offline,1.9
T000789,2023-03-26,C1362,Emily Murphy,Male,NORTH,Furnitures,650.54,13.21,5.0,Online Payment,Store B,Online,4.7
T000790,2023-07-18,C1337,,Female,NORTH,Grocery,776.15,,7.0,Credit Card,Store B,Offline,3.2
T000791,2024-11-21,C1252,Sheryl Franklin,Female,Est,Clothing,493.84,1.81,6.0,Credit Card,Store B,Offline,
T000792,2023-07-15,C1018,Patricia Martinez,Male,West,ELECTRONIC,537.03,12.9,6.0,Cash,Store C,Online,
T000793,2023-10-14,C1102,Dawn Franklin,,West,Clothing,241.86,7.48,4.0,Online Payment,Store B,Online,2.5
T000794,2023-10-10,C1348,Gregory Fry,Male,East,Electronics,478.16,,2.0,Credit Card,Store C,Online,4.7
T000795,2024-10-26,C1257,Ryan Larson,Female,West,,363.38,1.07,6.0,Cash,Store B,Offline,1.6
T000796,2024-10-26,C1366,Nancy Howard,Female,Est,,52.5,10.25,2.0,Online Payment,Store B,Offline,3.5
T000797,2023-10-15,C1372,,Female,Est,Clothing,409.06,5.57,3.0,Debit Card,Store B,Offline,2.8
T000798,2024-08-06,C1104,Kristine Morton,Male,Est,ELECTRONIC,,14.76,10.0,Online Payment,Store B,Online,1.3
T000799,2023-02-20,C1275,Mrs. Anna Morton,Female,North,Furnitures,242.75,,6.0,Cash,,Offline,3.3
,2023-08-23,C1327,Lance Sanders MD,Male,south,Furnitures,729.56,2.82,3.0,Online Payment,Store A,Online,
T000801,,C1009,Anthony Kline,Female,North,Grocery,713.67,9.33,4.0,Online Payment,Store A,Offline,2.6
,2024-08-28,C1030,Gail Brady,,Est,ELECTRONIC,661.1,8.09,5.0,Credit Card,Store D,Online,4.0
T000803,2024-03-06,C1406,Cathy Gibson,Male,Est,Grocery,578.69,8.99,6.0,Debit Card,Store B,,2.1
T000804,2024-03-08,C1084,,Male,NORTH,Furniture,652.81,9.52,2.0,Cash,Store C,Offline,
T000805,2024-02-05,C1301,,Female,East,Clothing,887.06,,7.0,Debit Card,Store A,Online,4.6
T000806,2023-01-02,C1316,Maxwell Chang,Female,NORTH,Clothing,949.39,9.5,10.0,Online Payment,Store C,Offline,
T000807,2023-05-13,C1164,James Ortiz,Female,North,Furniture,272.8,,7.0,Debit Card,Store A,Offline,4.5
T000808,2023-06-01,C1322,Miss Olivia Rivera,Male,WST,ELECTRONIC,334.49,9.86,3.0,,Store A,Online,4.1
T000809,2024-06-24,C1361,Brian Murray,Female,WST,,320.59,0.01,8.0,Credit Card,Store D,Online,4.1
T000810,2024-07-18,C1449,Jennifer Jackson,Female,Est,ELECTRONIC,891.03,14.32,,Online Payment,Store C,Offline,3.1
T000811,2024-07-31,C1249,Teresa Gomez,Male,south,,518.89,6.07,,Debit Card,Store C,Offline,3.9
T000812,2024-05-22,C1180,Anna Fowler,Male,south,Clothing,113.89,6.76,8.0,Cash,Store D,Offline,1.9
T000813,2023-08-31,C1466,Danielle Newman,Female,south,Clothing,113.65,2.82,4.0,Credit Card,Store A,Offline,2.8
T000814,2023-02-16,C1294,Austin Lopez,Female,East,Furnitures,607.2,11.91,7.0,Online Payment,Store A,Online,1.9
T000815,2024-10-15,C1398,Bonnie Jennings,Male,South,electronic,350.01,14.32,,Online Payment,Store C,Offline,2.7
T000816,2023-01-20,C1304,Christine Garcia,Female,North,ELECTRONIC,287.05,0.24,6.0,Debit Card,Store B,Offline,1.5
T000817,2024-07-05,C1482,Jason Edwards,Female,WST,Grocery,236.78,,,Online Payment,,Offline,1.1
T000818,2023-09-24,C1179,Jennifer White,Male,North,electronic,284.43,13.83,6.0,Online Payment,Store B,Offline,2.6
T000819,2024-01-08,C1205,Kevin Hunter,Female,,ELECTRONIC,428.55,4.57,,Credit Card,Store A,Online,2.0
T000820,2024-05-24,C1312,Brianna Johnson,Female,North,Electronics,980.5,,5.0,Online Payment,Store A,Offline,4.3
T000821,2023-07-01,C1065,Jeremy Bowers,Male,NORTH,electronic,778.9,5.95,2.0,Debit Card,Store B,Online,2.1
T000822,2024-03-26,C1022,Kimberly Martinez,Male,South,Clothing,287.84,3.78,8.0,Debit Card,,,
T000823,2024-01-24,,Lori Smith,Female,south,Clothing,653.66,,1.0,Credit Card,Store B,Offline,
T000824,2024-03-21,C1192,Patrick Rodriguez,Female,South,Clothing,305.38,10.75,7.0,Debit Card,Store C,Offline,
T000825,2024-02-20,C1210,Monica Burke,Male,North,Furniture,688.09,3.34,3.0,Credit Card,Store A,Offline,2.6
T000826,2024-03-27,C1391,Angela Wallace,Female,North,Furnitures,539.77,2.28,1.0,Debit Card,Store D,Online,
T000827,2024-12-23,C1462,John Henson,Male,Est,electronic,543.81,9.98,4.0,Cash,Store D,Online,1.8
T000828,2024-08-14,,Justin Wade,Female,,Furniture,,1.47,2.0,Cash,,Offline,4.0
T000829,2024-09-23,C1248,Charles Jensen,Female,South,,664.13,,4.0,Online Payment,Store C,Offline,
T000830,2024-06-30,C1176,Laura Manning,Male,West,Grocery,599.34,1.27,8.0,Debit Card,Store D,,3.8
T000831,2024-05-12,C1137,Christopher Pena,Male,South,Grocery,91.35,1.77,5.0,Online Payment,Store A,Offline,3.9
T000832,2023-04-30,C1324,Kristen Adams,Male,Est,Grocery,490.65,,9.0,Cash,Store D,Offline,4.2
T000833,2024-06-04,,Christopher Bell,Female,,Furnitures,839.73,10.42,9.0,Credit Card,Store A,Offline,1.5
T000834,2023-06-30,C1136,Kristin Small,Female,Est,Grocery,846.76,3.71,4.0,Debit Card,Store B,Offline,
T000835,2024-09-09,C1019,Charles Davis,Female,WST,Furnitures,861.67,,5.0,Credit Card,Store D,,1.5
T000836,2024-11-14,C1366,Jared Thornton,Female,south,electronic,,8.27,3.0,Debit Card,Store D,Online,4.9
T000837,2023-02-03,C1153,Katherine Young,Female,,Clothing,708.38,11.4,3.0,Credit Card,Store B,Online,3.1
T000838,2024-11-14,C1018,Diana Wilson,Male,West,ELECTRONIC,962.8,5.6,6.0,Online Payment,,Online,1.3
T000839,2024-04-11,C1211,Matthew Carter,Female,south,ELECTRONIC,584.82,14.88,5.0,Cash,Store B,Online,1.5
T000840,2024-10-01,,Amanda Saunders,Female,South,electronic,749.56,0.23,1.0,Credit Card,Store B,Online,3.4
T000841,2023-06-14,C1409,Mr. Curtis Vazquez,Female,Est,electronic,502.2,4.9,5.0,Cash,Store C,Online,3.8
T000842,2024-09-11,C1343,Katie Perez,Male,South,ELECTRONIC,182.02,2.23,,Credit Card,Store B,Offline,5.0
T000843,2024-08-07,C1140,Stacey Johnson,Female,East,Electronics,161.05,,8.0,Credit Card,Store B,Offline,4.1
T000844,2023-05-03,C1476,Mr. Jose Hanson,Female,East,Furniture,532.97,0.25,7.0,Credit Card,Store A,Online,4.2
T000845,2023-06-27,,Danny Perez,Female,West,Clothing,333.32,,6.0,Credit Card,Store C,Online,4.7
T000846,,C1217,Bruce Austin,Female,Est,electronic,569.31,,7.0,Credit Card,Store B,Offline,3.5
T000847,2024-01-13,C1302,Rodney Gomez,Female,North,Grocery,274.54,3.63,8.0,Credit Card,Store B,Offline,1.3
T000848,2024-01-19,C1267,Christina Jensen,Male,Est,Grocery,573.68,,4.0,Debit Card,Store B,Offline,1.4
T000849,2024-01-08,C1178,Gary Lopez,Female,North,Grocery,514.36,0.64,6.0,Online Payment,Store C,Offline,4.1
T000850,2024-07-18,C1490,,,,Clothing,204.74,10.91,8.0,Credit Card,Store D,Online,4.2
T000851,2023-05-09,C1266,,Male,WST,Furniture,169.3,,6.0,Credit Card,Store B,Online,2.6
T000852,2023-07-17,C1230,Cody Evans,Female,,ELECTRONIC,336.97,8.91,2.0,Credit Card,Store B,Online,3.2
T000853,2023-04-23,C1045,Justin Arnold II,Male,West,Grocery,97.7,,1.0,Cash,Store C,Offline,
T000854,2023-09-30,C1223,Amy Brady,Female,West,ELECTRONIC,106.87,6.25,9.0,,Store A,Offline,
T000855,2024-03-28,C1307,Susan Bishop,Male,South,ELECTRONIC,,,1.0,Online Payment,Store C,Offline,1.3
T000856,2023-10-13,C1480,Jessica Mathis,Female,East,Furnitures,390.82,0.89,4.0,Debit Card,Store B,Offline,4.7
T000857,2024-05-26,C1431,Denise Todd,Male,NORTH,Electronics,,5.17,8.0,Online Payment,Store A,Offline,4.3
T000858,2024-01-28,C1195,Maria Bowers,Male,south,ELECTRONIC,158.12,4.52,4.0,Credit Card,Store D,Online,
T000859,2024-07-09,C1296,,,East,Furniture,742.98,5.54,,Debit Card,Store A,Offline,
T000860,2023-09-29,C1114,John Hill,Male,WST,Furnitures,,10.54,1.0,Online Payment,Store D,Online,2.3
T000861,2024-09-16,C1034,Rhonda Wise,Female,south,,299.72,5.61,5.0,Online Payment,,Offline,
T000862,2023-02-28,C1473,Alexander Moon,Female,South,Furnitures,49.71,12.4,3.0,Online Payment,Store C,,4.6
T000863,2024-07-25,C1011,Victoria Bailey,,south,Grocery,387.68,10.36,7.0,Online Payment,Store D,Offline,3.6
T000864,2023-07-31,C1143,Thomas Barker,,South,Electronics,25.06,1.97,8.0,Cash,,Online,4.3
T000865,2024-04-06,C1148,Carolyn Mcbride,Female,Est,Furniture,495.34,,,Online Payment,Store C,Offline,1.1
T000866,2024-12-08,C1443,Kevin Price,Male,NORTH,Clothing,22.99,3.74,10.0,Credit Card,Store C,Offline,3.2
T000867,2023-09-13,,Mitchell Robbins,Male,,,941.41,6.98,5.0,,Store C,Offline,2.7
T000868,2024-12-22,C1396,Michelle Benton,Male,Est,electronic,349.46,9.03,1.0,Online Payment,Store D,Offline,4.2
T000869,2023-08-11,C1342,Charles Bell,Female,south,Furniture,376.31,5.05,8.0,Credit Card,Store D,Offline,3.0
T000870,2024-02-13,C1348,Michael Williams,Male,North,Electronics,768.9,,1.0,Online Payment,Store A,Offline,3.1
T000871,2024-02-14,C1402,,Female,South,Furnitures,,,6.0,Cash,,Offline,3.6
T000872,2023-01-03,C1194,Gabriel Gordon,,,Clothing,511.67,13.08,2.0,Credit Card,Store B,Offline,1.2
T000873,2024-03-22,C1128,Kevin Spence,Female,West,Clothing,886.23,4.05,3.0,Cash,,Online,2.1
T000874,2024-11-20,C1287,Sarah Russell,Female,South,electronic,13.22,,1.0,Credit Card,Store D,Online,
T000875,2023-10-26,C1111,Richard Pearson,Male,south,Clothing,729.78,11.38,1.0,,Store C,Online,
T000876,2023-12-02,C1048,,Female,south,Furnitures,729.01,,1.0,Debit Card,Store B,Offline,
T000877,2024-08-14,C1302,Marie Arias,Female,Est,Grocery,392.97,0.09,3.0,Cash,Store C,Online,
T000878,,C1059,Nathan Williams,Female,,Electronics,164.21,6.73,10.0,Debit Card,Store B,Online,4.5
,2023-09-07,C1398,Vincent Allen,,south,Grocery,221.43,,3.0,Debit Card,Store A,Offline,4.5
T000880,2023-10-11,C1172,Kevin Cole,Female,South,Electronics,,6.62,7.0,Debit Card,Store A,Online,
T000881,2024-10-16,,Ronnie Miller,,Est,Clothing,304.72,,8.0,Credit Card,Store A,Offline,4.6
T000882,2023-04-21,C1255,Alejandro Shepard,Male,South,electronic,992.77,14.9,9.0,Credit Card,Store C,Offline,3.3
T000883,2023-10-13,,,Male,South,Furniture,257.11,,9.0,Cash,Store D,Offline,2.9
T000884,2024-04-24,,Lauren Turner,Male,Est,electronic,,7.67,10.0,Debit Card,Store A,Offline,2.2
T000885,2024-01-28,C1071,Steven Sanders,Female,,ELECTRONIC,,2.63,5.0,Online Payment,Store B,Offline,2.6
T000886,2024-03-01,C1199,Alyssa Powell,Male,North,ELECTRONIC,111.72,,,Debit Card,Store D,Online,
T000887,2024-02-08,C1066,Sarah Johnson,Female,North,Furnitures,726.08,,2.0,Credit Card,Store D,Online,3.9
T000888,2023-03-02,,Caroline Barber DVM,Male,Est,Furnitures,853.49,8.01,3.0,Cash,,Offline,2.7
T000889,2024-01-26,C1238,Mrs. Stephanie Rojas,Female,South,Grocery,391.48,8.65,6.0,Debit Card,Store B,Offline,2.6
T000890,2024-01-19,C1025,Mark Hill MD,Male,West,ELECTRONIC,432.79,,4.0,Credit Card,Store B,Offline,3.5
T000891,2024-04-30,C1466,Adrian Stephenson,Male,West,Furnitures,62.65,6.56,7.0,Cash,,Offline,4.8
T000892,2023-12-13,C1373,Albert Hughes,Female,NORTH,Furniture,55.69,4.72,9.0,Debit Card,Store D,Online,
T000893,2023-03-15,C1255,April Obrien,Female,West,electronic,,,8.0,Cash,Store B,Offline,1.1
T000894,2023-05-09,C1406,Rhonda Roberts,Male,south,Furniture,475.6,14.73,,Cash,Store C,Offline,1.6
,2024-09-11,C1414,Hunter Woodward,Female,NORTH,Electronics,979.87,,1.0,Online Payment,Store B,Offline,2.0
T000896,2024-01-08,C1204,Cole Perkins,Male,,Furniture,786.91,9.97,9.0,Cash,Store D,Online,3.3
T000897,2024-10-15,C1333,Melinda Davis,Male,south,Electronics,839.28,12.9,6.0,Credit Card,Store D,Offline,4.1
T000898,2023-10-23,C1273,Jesse Knight,Male,West,Furnitures,185.28,8.31,9.0,Cash,Store B,Online,
T000899,2024-06-06,C1243,Kayla Williams,,NORTH,Clothing,149.45,,8.0,Cash,,Online,2.4
,2024-05-04,,Katherine Adams,Male,WST,Furniture,233.44,4.2,3.0,Cash,,Online,4.5
T000901,2023-10-18,C1066,Rachel Black,Female,NORTH,Clothing,610.66,6.57,4.0,Cash,Store B,Offline,
T000902,,C1220,David Matthews,,Est,electronic,765.95,14.49,2.0,Credit Card,Store D,Online,4.4
T000903,2023-10-07,,Joseph Wilcox,Female,WST,Furnitures,27.06,4.58,8.0,Debit Card,,Offline,2.6
T000904,2024-01-09,,Leah Lane,Male,NORTH,Furnitures,103.37,1.96,6.0,Debit Card,Store D,Offline,2.3
T000905,2023-06-22,C1280,Garrett Butler,Female,South,Electronics,308.1,,8.0,Online Payment,Store C,Offline,1.8
T000906,2023-07-24,C1215,Janice Valdez,Female,East,Furniture,484.88,14.59,,Debit Card,Store B,Offline,
T000907,2023-02-12,C1140,Tracy Sherman,Female,South,electronic,,6.52,8.0,Credit Card,Store B,,4.2
T000908,2024-12-01,C1326,Matthew Brooks,Female,,ELECTRONIC,,5.32,,Debit Card,Store C,Offline,2.8
T000909,2023-03-02,C1309,Bryan Foley,Male,WST,,228.39,9.06,3.0,Credit Card,Store B,Offline,4.5
T000910,2024-10-02,C1203,Derek Guzman,Female,South,Furniture,794.53,11.74,5.0,Debit Card,,Offline,3.0
T000911,2023-06-21,C1305,David Young,Male,south,electronic,232.7,8.76,3.0,Online Payment,Store C,Online,
,2024-10-05,C1018,Michelle Lester,Female,West,electronic,664.61,7.92,,Credit Card,Store D,Offline,4.2
T000913,2023-11-17,,Steven Carey,Female,East,Electronics,817.97,7.54,2.0,Online Payment,Store A,Online,4.1
,2024-05-21,C1257,Alisha Bush,Male,south,Clothing,687.35,,10.0,Credit Card,Store D,Online,1.2
T000915,2023-09-26,C1223,Teresa Mendoza,Female,East,Furniture,865.24,3.34,6.0,Cash,Store D,Online,
T000916,2023-07-12,C1167,Jacqueline Potter,Female,East,ELECTRONIC,349.79,9.45,1.0,,,Offline,4.9
T000917,2024-05-30,C1417,Amber Rodriguez,Male,East,ELECTRONIC,179.48,5.2,1.0,Cash,Store B,Offline,2.5
T000918,,C1268,Donna Smith,Male,South,Furnitures,592.57,12.34,5.0,Online Payment,Store A,Offline,2.3
T000919,2024-10-30,C1238,Natalie Cook,Male,WST,Electronics,146.25,10.73,6.0,Debit Card,Store B,Offline,4.8
T000920,2023-06-14,C1143,Jonathan Gilbert,,East,Clothing,824.28,,1.0,Debit Card,Store C,Online,2.5
T000921,2024-08-19,,,Female,Est,ELECTRONIC,112.66,4.11,3.0,,Store A,Offline,4.8
T000922,2024-05-10,C1319,Gabriel Schwartz,Male,Est,Clothing,311.3,1.82,5.0,Cash,Store B,Online,2.7
,2024-04-28,C1197,Henry Manning,Male,south,electronic,131.42,4.26,7.0,Cash,Store C,Offline,2.0
T000924,2023-11-30,C1458,Eric Sherman,Female,Est,Clothing,640.04,,4.0,Online Payment,Store B,Offline,1.8
T000925,2023-06-10,C1478,Lisa Pham,Male,south,Electronics,501.17,,9.0,Credit Card,Store A,Offline,3.4
T000926,2023-02-23,C1365,Keith Padilla,Male,East,Electronics,934.64,7.62,5.0,Credit Card,Store C,Online,3.6
T000927,2024-06-19,C1285,,Male,West,ELECTRONIC,931.05,0.07,4.0,Cash,Store B,Online,4.6
T000928,2023-02-28,C1193,Sheryl Graham,Female,West,Grocery,691.98,,4.0,Credit Card,Store A,Offline,3.5
T000929,2024-10-11,C1447,Joseph Andrews,Male,North,Furnitures,571.78,,3.0,Online Payment,Store A,Online,
T000930,2024-04-24,C1060,Tanya Johnson MD,Female,East,,367.07,6.23,1.0,Online Payment,Store C,Online,3.1
T000931,2024-02-17,C1355,Christine Henson,Male,Est,Electronics,921.73,13.75,,Online Payment,,Online,3.9
T000932,2024-02-28,C1139,Sean Woods,Male,WST,,344.06,13.84,7.0,Debit Card,Store D,Online,1.3
T000933,2023-08-28,C1422,Nancy Ingram,Male,Est,,502.7,6.95,1.0,Debit Card,Store A,Online,4.2
T000934,,C1120,Maurice Johnson,Female,West,electronic,77.03,,5.0,Cash,Store B,Offline,
T000935,2023-02-18,C1469,Christina Coleman,Male,south,Clothing,309.27,4.87,3.0,Online Payment,Store B,Online,3.6
T000936,2024-05-07,C1225,Jason Ellis,Female,Est,Furnitures,659.14,,7.0,Debit Card,,,4.7
T000937,2023-12-22,C1449,Sydney Davis,Male,East,Electronics,877.65,6.81,2.0,Credit Card,Store D,Online,
T000938,2024-02-04,C1220,Keith Park,Female,West,Clothing,77.14,,9.0,Credit Card,Store C,Offline,4.8
,2024-12-16,C1333,Zachary Wagner,Male,Est,Electronics,825.21,11.4,,Credit Card,,Online,
T000940,2023-05-23,C1263,Toni Ruiz,Male,south,Grocery,18.55,2.38,2.0,,Store D,Online,4.8
T000941,2024-04-15,C1223,Michelle Garcia,Female,East,electronic,,12.87,8.0,,,Online,4.0
T000942,2023-12-23,C1465,Patricia Davis,Female,North,,851.35,11.27,9.0,,Store D,Online,2.6
T000943,2023-09-29,C1386,David Morris,Male,NORTH,Electronics,855.67,7.53,10.0,Credit Card,Store B,Online,2.7
T000944,2023-04-08,C1141,Christopher Carter,Female,WST,ELECTRONIC,921.97,4.37,10.0,Online Payment,Store D,Offline,1.2
,,C1490,Heather Barber,Female,South,electronic,203.12,4.4,2.0,Cash,Store D,Offline,3.9
T000946,2024-08-17,C1263,Nancy Bell,Female,North,Furnitures,40.94,3.06,2.0,Online Payment,Store C,Online,4.8
T000947,2024-11-07,C1075,,,North,ELECTRONIC,698.71,7.87,10.0,Cash,,Offline,1.6
T000948,2023-11-16,C1176,Sherri Black,Male,North,Grocery,110.78,8.02,5.0,Cash,Store D,Offline,3.1
,2024-04-06,C1169,Rachel Anderson,Female,South,Electronics,739.9,,1.0,Online Payment,Store D,Offline,4.1
T000950,2023-11-18,C1168,Pam Watson,,South,Grocery,484.21,,4.0,Debit Card,,Offline,4.7
T000951,2023-06-27,C1156,Jason Christian,Male,South,Grocery,,,4.0,Credit Card,Store A,Offline,2.4
T000952,2023-10-15,C1164,Sean Osborne,Male,WST,Clothing,183.62,,4.0,Online Payment,Store A,Online,2.0
T000953,2023-04-30,C1072,Jessica Casey,Male,WST,,518.37,13.68,3.0,Credit Card,Store D,Online,1.1
T000954,2023-10-29,C1482,Denise Shah,Female,South,Clothing,294.98,6.5,2.0,,Store B,Offline,4.4
T000955,2024-01-27,C1117,Pamela Brady,,Est,Grocery,628.99,2.94,1.0,Cash,Store D,Online,4.4
T000956,2023-10-03,C1162,Mrs. Ashley Nicholson DVM,,,ELECTRONIC,733.95,4.09,6.0,Cash,Store A,Offline,4.8
T000957,2024-10-27,C1228,,Male,Est,Grocery,,14.16,10.0,Credit Card,Store A,Offline,1.3
T000958,2023-11-26,C1389,Derek Leblanc,Female,North,Electronics,127.3,12.53,8.0,Credit Card,Store A,Offline,3.1
T000959,2023-04-30,C1358,,Male,NORTH,Electronics,459.63,12.58,9.0,Debit Card,,Online,
,2023-04-13,C1411,Paul Shaffer,Female,NORTH,Electronics,349.16,1.3,8.0,Credit Card,Store A,Offline,3.4
T000961,2023-11-24,,Alicia Carson,Male,Est,electronic,533.76,7.34,5.0,Online Payment,Store C,,2.5
,2024-02-27,,Joshua Frank,Male,Est,Grocery,102.78,2.6,7.0,,Store B,Offline,3.2
,2024-07-05,C1472,,Male,East,Furnitures,307.3,0.19,5.0,Online Payment,,Online,
T000964,2024-01-02,C1221,,Male,Est,Furniture,620.63,14.41,3.0,Credit Card,Store B,Online,1.8
T000965,2023-11-17,C1260,Kathleen Ballard,Female,south,electronic,553.32,5.98,3.0,Credit Card,Store C,Offline,4.8
T000966,2023-05-11,C1117,Joshua Scott,Male,South,Clothing,,,8.0,Debit Card,Store A,Online,1.1
T000967,2024-07-04,C1253,Anthony Holmes,Male,,Grocery,150.45,13.28,8.0,Cash,Store A,Offline,1.2
T000968,2024-03-08,C1465,James Shah,Male,WST,Furnitures,435.25,,6.0,Credit Card,Store B,Offline,
T000969,2023-05-24,C1459,Melissa Miller MD,Male,West,ELECTRONIC,291.67,,9.0,Credit Card,,Online,4.7
T000970,2024-06-21,,Pamela Smith,Female,East,Electronics,148.27,1.92,,Debit Card,Store D,Online,1.5
T000971,2024-06-11,C1376,Richard Powell,Female,NORTH,Clothing,557.51,1.35,6.0,Credit Card,Store A,Offline,4.7
T000972,2023-08-02,C1373,Pamela Cummings,Female,,Grocery,463.93,,10.0,Credit Card,Store D,Offline,3.1
T000973,2024-07-31,,Christine Barr,Male,South,Furnitures,283.54,,1.0,Credit Card,Store B,Offline,1.8
T000974,2024-07-23,C1315,Tracy Gallagher,Female,south,Electronics,626.89,9.78,8.0,Credit Card,Store D,Online,1.5
T000975,2024-05-15,C1294,Tiffany Maldonado,Female,West,ELECTRONIC,787.33,5.15,10.0,Online Payment,Store B,Online,3.1
T000976,2023-12-26,C1171,Michelle Dillon,Female,North,Electronics,179.33,7.78,4.0,Debit Card,Store A,Online,2.4
T000977,2023-06-19,C1300,Dana Cameron,Male,West,Furniture,987.82,14.63,9.0,,Store C,Offline,1.7
,2024-07-17,C1102,Peter Davis,Female,South,Clothing,325.51,4.6,2.0,Cash,Store B,Offline,3.2
T000979,2024-05-06,C1454,,Female,West,Grocery,345.8,10.98,2.0,Cash,,Online,
T000980,,C1159,Amanda Alexander,Male,WST,,773.73,,8.0,Online Payment,Store A,Offline,1.2
T000981,2023-10-29,C1390,Cynthia Perez,Male,,Furnitures,407.61,12.43,9.0,Online Payment,Store A,Offline,
T000982,2024-04-24,C1413,Heather Buckley,Female,Est,Grocery,16.98,3.76,5.0,Credit Card,Store D,Online,2.4
T000983,2024-07-06,C1094,Kaitlyn Smith,Male,North,Clothing,283.66,,10.0,Debit Card,Store C,Offline,4.5
T000984,2024-10-04,,Michael Short,Male,NORTH,Electronics,390.94,,8.0,Credit Card,Store A,Online,
T000985,2023-06-22,C1319,,Female,North,Clothing,724.25,12.46,4.0,Cash,Store D,Offline,3.0
T000986,2023-04-25,C1168,,Male,Est,Furnitures,633.85,,6.0,Cash,Store A,Online,2.5
T000987,2023-05-01,C1246,Billy York,Female,WST,Electronics,724.84,0.23,9.0,Credit Card,Store A,Offline,1.9
T000988,2023-11-10,C1352,Ashley Newman,Male,East,Grocery,806.96,11.88,8.0,Cash,Store B,Offline,
T000989,2023-10-15,C1005,Jennifer Little,Female,West,Furniture,610.75,6.04,1.0,Online Payment,,,1.9
T000990,2023-05-31,C1474,,Female,south,Grocery,,,7.0,Debit Card,Store A,Online,1.4
,2024-10-07,,Monica Ramos,,Est,Grocery,13.62,12.77,2.0,Credit Card,Store C,,3.9
T000992,2024-09-01,C1303,Joshua Ross,Male,south,Electronics,591.22,4.79,7.0,Debit Card,Store A,,
T000993,2023-01-11,C1177,Kevin Anderson,Female,WST,Grocery,481.77,,4.0,Online Payment,Store A,Offline,4.9
T000994,2023-05-10,C1314,Barbara Lopez,Female,south,Grocery,330.1,12.77,1.0,Cash,Store D,Online,2.0
T000995,2023-07-28,C1294,Curtis Phillips,Male,East,Furniture,949.81,11.82,2.0,Debit Card,Store B,Online,1.1
T000996,2024-09-29,C1316,Edward Mcdonald,Female,North,electronic,958.53,5.53,5.0,Debit Card,Store A,Online,1.6
T000997,2024-02-04,C1485,Taylor Hughes,Male,Est,Furnitures,446.94,0.9,3.0,Cash,Store B,Offline,2.9
,2024-05-08,C1418,Emily Morrison,Male,East,,,,8.0,Cash,Store A,Offline,
T000999,2023-06-12,C1350,Denise Wagner,Male,West,Furniture,291.12,4.46,3.0,Cash,Store C,Offline,2.3
T001000,2024-05-05,C1123,Scott Martin,Male,East,Electronics,39.19,10.04,1.0,Online Payment,,Online,
